{"stats":{"minecraft:mined":{"minecraft:deepslate_lapis_ore":5,"minecraft:deepslate_gold_ore":1},"minecraft:custom":{"minecraft:inspect_dropper":2,"minecraft:interact_with_anvil":72,"minecraft:mob_kills":42,"minecraft:inspect_hopper":15,"minecraft:open_barrel":16,"minecraft:fill_cauldron":2,"minecraft:leave_game":19,"minecraft:time_since_death":655901,"minecraft:climb_one_cm":1587,"minecraft:sprint_one_cm":168270,"minecraft:walk_one_cm":806745,"minecraft:drop":24,"minecraft:talked_to_villager":4,"minecraft:play_time":965392,"minecraft:deaths":1,"minecraft:sneak_time":17781,"minecraft:walk_under_water_one_cm":118595,"minecraft:jump":1808,"minecraft:walk_on_water_one_cm":48153,"minecraft:total_world_time":965583,"minecraft:pot_flower":1,"minecraft:time_since_rest":655966,"minecraft:damage_taken":592,"minecraft:trigger_trapped_chest":11,"minecraft:damage_dealt":7632,"minecraft:swim_one_cm":1019,"minecraft:fly_one_cm":3454362,"minecraft:open_chest":202,"minecraft:crouch_one_cm":8818,"minecraft:interact_with_smoker":20,"minecraft:fall_one_cm":4977,"minecraft:inspect_dispenser":159},"minecraft:used":{"minecraft:oak_trapdoor":23,"minecraft:oak_fence":22,"minecraft:moss_block":203,"minecraft:purpur_block":8,"minecraft:trident":1,"minecraft:nether_brick_fence":5,"minecraft:moss_carpet":14,"minecraft:netherite_sword":113,"minecraft:iron_bars":60,"minecraft:writable_book":17,"minecraft:polished_deepslate":1,"minecraft:flint_and_steel":1,"minecraft:smooth_quartz_slab":112,"minecraft:dispenser":14,"minecraft:spruce_slab":478,"minecraft:redstone":236,"minecraft:oak_sign":10,"minecraft:chest":22,"minecraft:decorated_pot":2,"minecraft:axolotl_spawn_egg":4,"minecraft:spruce_planks":302,"minecraft:white_terracotta":123,"minecraft:stone":10,"minecraft:zombie_spawn_egg":11,"minecraft:quartz_stairs":76,"minecraft:player_head":12,"minecraft:torch":1,"minecraft:dirt":18,"minecraft:anvil":7,"minecraft:red_nether_brick_slab":4,"minecraft:hopper":23,"minecraft:prismarine_bricks":195,"minecraft:crafter":1,"minecraft:spruce_stairs":431,"minecraft:prismarine_brick_stairs":32,"minecraft:diamond_helmet":1,"minecraft:furnace_minecart":2,"minecraft:glow_lichen":53,"minecraft:spruce_fence":9,"minecraft:oak_fence_gate":14,"minecraft:stripped_spruce_log":229,"minecraft:polished_diorite":1,"minecraft:small_dripleaf":4,"minecraft:big_dripleaf":2,"minecraft:glow_squid_spawn_egg":2,"minecraft:wooden_axe":14,"minecraft:crimson_button":1,"minecraft:sea_lantern":308,"minecraft:flowering_azalea":11,"minecraft:bricks":1,"minecraft:quartz_pillar":221,"minecraft:quartz_slab":2,"minecraft:lantern":47,"minecraft:grass_block":70,"minecraft:oak_stairs":17,"minecraft:warped_fence":41,"minecraft:quartz_block":218,"minecraft:polished_blackstone_brick_wall":6,"minecraft:iron_helmet":1,"minecraft:tropical_fish_spawn_egg":27,"minecraft:raw_gold_block":20,"minecraft:mud_bricks":5,"minecraft:prismarine_slab":10,"minecraft:stone_brick_stairs":81,"minecraft:barrel":33,"minecraft:stone_bricks":69,"minecraft:bedrock":4,"minecraft:spruce_hanging_sign":25,"minecraft:birch_button":14,"minecraft:repeater":20,"minecraft:glowstone":127,"minecraft:redstone_lamp":21,"minecraft:bow":12,"minecraft:snow":7,"minecraft:written_book":1,"minecraft:guardian_spawn_egg":8,"minecraft:deepslate_tile_stairs":43,"minecraft:drowned_spawn_egg":23,"minecraft:polished_diorite_stairs":32,"minecraft:skeleton_skull":6,"minecraft:trapped_chest":1,"minecraft:mossy_stone_brick_wall":8,"minecraft:dark_prismarine_stairs":1,"minecraft:quartz_bricks":76,"minecraft:chiseled_polished_blackstone":7,"minecraft:mossy_stone_bricks":6,"minecraft:water_bucket":413,"minecraft:chiseled_bookshelf":59,"minecraft:end_rod":19,"minecraft:diorite":26,"minecraft:leather_leggings":2,"minecraft:diamond_boots":5,"minecraft:amethyst_block":114,"minecraft:dirt_path":8,"minecraft:wither_skeleton_skull":4,"minecraft:dropper":7,"minecraft:prismarine_brick_slab":44,"minecraft:dark_oak_hanging_sign":2,"minecraft:elder_guardian_spawn_egg":2,"minecraft:polished_andesite":1,"minecraft:dark_oak_sign":5,"minecraft:prismarine":55,"minecraft:oak_planks":12,"minecraft:blue_wool":12,"minecraft:andesite_slab":2,"minecraft:mossy_stone_brick_stairs":9,"minecraft:leather_chestplate":1,"minecraft:cherry_planks":126,"minecraft:purple_glazed_terracotta":56,"minecraft:composter":30,"minecraft:spruce_sign":31,"minecraft:cauldron":2,"minecraft:magenta_stained_glass":6,"minecraft:glow_ink_sac":5,"minecraft:spruce_fence_gate":23,"minecraft:cracked_stone_bricks":16,"minecraft:dark_oak_trapdoor":17,"minecraft:lime_terracotta":2,"minecraft:purpur_stairs":56,"minecraft:rail":113,"minecraft:comparator":1,"minecraft:vine":3,"minecraft:oak_slab":88,"minecraft:tnt":3,"minecraft:dark_prismarine_slab":3,"minecraft:crossbow":1,"minecraft:chiseled_quartz_block":239,"minecraft:ochre_froglight":4,"minecraft:stripped_cherry_wood":57,"minecraft:infested_stone_bricks":5,"minecraft:spruce_log":126,"minecraft:smoker":42,"minecraft:dark_oak_door":3,"minecraft:lightning_rod":4,"minecraft:purple_concrete_powder":33,"minecraft:purple_stained_glass":16,"minecraft:redstone_torch":19,"minecraft:oak_log":8,"minecraft:flower_pot":1,"minecraft:dark_prismarine":95,"minecraft:lever":14,"minecraft:yellow_dye":5,"minecraft:diamond_pickaxe":6,"minecraft:crying_obsidian":64,"minecraft:command_block":108,"minecraft:bogged_spawn_egg":3,"minecraft:oak_button":44,"minecraft:string":23,"minecraft:tuff_brick_stairs":22,"minecraft:verdant_froglight":7,"minecraft:spore_blossom":16,"minecraft:purpur_slab":139,"minecraft:magenta_concrete_powder":2,"minecraft:spruce_trapdoor":146,"minecraft:iron_door":1,"minecraft:deepslate":173,"minecraft:flowering_azalea_leaves":85,"minecraft:soul_lantern":31,"minecraft:chiseled_stone_bricks":8,"minecraft:diamond_sword":11,"minecraft:cobblestone":8,"minecraft:azalea_leaves":265,"minecraft:mud_brick_wall":16,"minecraft:chainmail_boots":1,"minecraft:turtle_helmet":1,"minecraft:chain_command_block":33,"minecraft:andesite_stairs":83,"minecraft:andesite":26,"minecraft:chain":47,"minecraft:repeating_command_block":19,"minecraft:polished_blackstone_button":25,"minecraft:stripped_oak_log":49,"minecraft:soul_torch":7,"minecraft:purple_wool":78,"minecraft:cobweb":11},"minecraft:killed":{"minecraft:spider":1,"minecraft:skeleton":3,"minecraft:drowned":13,"minecraft:tropical_fish":2,"minecraft:elder_guardian":1,"minecraft:zombie":6,"minecraft:wither_skeleton":12},"minecraft:picked_up":{"minecraft:prismarine_shard":1,"minecraft:birch_button":5,"minecraft:shield":11,"minecraft:redstone_torch":8,"minecraft:poppy":1,"minecraft:sugar_cane":51,"minecraft:quartz_pillar":3,"minecraft:pointed_dripstone":5,"minecraft:redstone":145,"minecraft:quartz_block":1,"minecraft:stone_sword":4,"minecraft:repeating_command_block":1,"minecraft:rotten_flesh":14,"minecraft:tropical_fish":6,"minecraft:diamond_boots":31,"minecraft:cod":1,"minecraft:rail":5,"minecraft:cobblestone":48,"minecraft:wet_sponge":1,"minecraft:repeater":6,"minecraft:potato":1,"minecraft:wither_skeleton_skull":2,"minecraft:gunpowder":2,"minecraft:lapis_lazuli":30,"minecraft:paper":16,"minecraft:bone":15,"minecraft:bow":11,"minecraft:dropper":1,"minecraft:sand":1,"minecraft:diamond":29,"minecraft:crossbow":8,"minecraft:bone_meal":1,"minecraft:emerald":2,"minecraft:oak_button":7,"minecraft:purple_concrete_powder":1,"minecraft:coal":6},"minecraft:dropped":{"minecraft:repeating_command_block":1,"minecraft:diamond":4,"minecraft:crossbow":1,"minecraft:quartz_pillar":2,"minecraft:emerald":5,"minecraft:amethyst_shard":3,"minecraft:paper":4,"minecraft:redstone":1,"minecraft:player_head":1,"minecraft:dropper":1,"minecraft:chest":1}},"DataVersion":3955}