{"stats":{"minecraft:mined":{"minecraft:deepslate_gold_ore":1,"minecraft:deepslate_lapis_ore":5},"minecraft:custom":{"minecraft:inspect_dropper":2,"minecraft:mob_kills":38,"minecraft:interact_with_anvil":72,"minecraft:inspect_hopper":15,"minecraft:fill_cauldron":2,"minecraft:leave_game":16,"minecraft:time_since_death":388959,"minecraft:climb_one_cm":1587,"minecraft:time_since_rest":389024,"minecraft:sprint_one_cm":130393,"minecraft:damage_taken":592,"minecraft:walk_one_cm":635912,"minecraft:trigger_trapped_chest":11,"minecraft:drop":24,"minecraft:damage_dealt":7161,"minecraft:swim_one_cm":1019,"minecraft:talked_to_villager":4,"minecraft:fly_one_cm":2715947,"minecraft:open_chest":196,"minecraft:crouch_one_cm":5736,"minecraft:play_time":698450,"minecraft:deaths":1,"minecraft:sneak_time":11111,"minecraft:walk_under_water_one_cm":109991,"minecraft:jump":1505,"minecraft:walk_on_water_one_cm":47473,"minecraft:total_world_time":698641,"minecraft:fall_one_cm":4977,"minecraft:inspect_dispenser":159},"minecraft:used":{"minecraft:trident":1,"minecraft:quartz_bricks":76,"minecraft:end_rod":16,"minecraft:iron_bars":60,"minecraft:nether_brick_fence":5,"minecraft:writable_book":10,"minecraft:water_bucket":400,"minecraft:diorite":26,"minecraft:netherite_sword":105,"minecraft:leather_leggings":2,"minecraft:diamond_boots":5,"minecraft:amethyst_block":62,"minecraft:wither_skeleton_skull":4,"minecraft:prismarine_brick_slab":44,"minecraft:dropper":7,"minecraft:flint_and_steel":1,"minecraft:dark_oak_hanging_sign":2,"minecraft:dispenser":14,"minecraft:smooth_quartz_slab":112,"minecraft:elder_guardian_spawn_egg":2,"minecraft:dark_oak_sign":5,"minecraft:prismarine":55,"minecraft:redstone":236,"minecraft:oak_planks":12,"minecraft:oak_sign":1,"minecraft:blue_wool":12,"minecraft:chest":20,"minecraft:axolotl_spawn_egg":4,"minecraft:spruce_planks":30,"minecraft:leather_chestplate":1,"minecraft:stone":1,"minecraft:zombie_spawn_egg":11,"minecraft:cauldron":2,"minecraft:quartz_stairs":76,"minecraft:glow_ink_sac":5,"minecraft:player_head":12,"minecraft:anvil":7,"minecraft:lime_terracotta":2,"minecraft:dirt":18,"minecraft:red_nether_brick_slab":4,"minecraft:rail":113,"minecraft:comparator":1,"minecraft:oak_slab":22,"minecraft:dark_prismarine_slab":3,"minecraft:tnt":3,"minecraft:hopper":23,"minecraft:prismarine_bricks":195,"minecraft:crafter":1,"minecraft:spruce_stairs":2,"minecraft:prismarine_brick_stairs":32,"minecraft:diamond_helmet":1,"minecraft:crossbow":1,"minecraft:chiseled_quartz_block":239,"minecraft:furnace_minecart":2,"minecraft:glow_lichen":34,"minecraft:spruce_log":126,"minecraft:polished_diorite":1,"minecraft:small_dripleaf":4,"minecraft:redstone_torch":19,"minecraft:wooden_axe":14,"minecraft:dark_prismarine":95,"minecraft:crimson_button":1,"minecraft:yellow_dye":5,"minecraft:lever":14,"minecraft:diamond_pickaxe":6,"minecraft:sea_lantern":308,"minecraft:bricks":1,"minecraft:quartz_pillar":221,"minecraft:crying_obsidian":25,"minecraft:command_block":104,"minecraft:quartz_slab":2,"minecraft:lantern":35,"minecraft:grass_block":23,"minecraft:oak_button":41,"minecraft:warped_fence":41,"minecraft:quartz_block":218,"minecraft:spore_blossom":9,"minecraft:iron_helmet":1,"minecraft:tropical_fish_spawn_egg":27,"minecraft:iron_door":1,"minecraft:raw_gold_block":20,"minecraft:deepslate":142,"minecraft:bedrock":2,"minecraft:flowering_azalea_leaves":24,"minecraft:prismarine_slab":10,"minecraft:stone_bricks":1,"minecraft:soul_lantern":31,"minecraft:azalea_leaves":147,"minecraft:birch_button":14,"minecraft:repeater":20,"minecraft:bow":12,"minecraft:glowstone":127,"minecraft:diamond_sword":11,"minecraft:redstone_lamp":21,"minecraft:cobblestone":8,"minecraft:written_book":1,"minecraft:guardian_spawn_egg":8,"minecraft:chainmail_boots":1,"minecraft:turtle_helmet":1,"minecraft:chain_command_block":33,"minecraft:drowned_spawn_egg":21,"minecraft:chain":4,"minecraft:polished_diorite_stairs":32,"minecraft:trapped_chest":1,"minecraft:repeating_command_block":19,"minecraft:skeleton_skull":6,"minecraft:stripped_oak_log":49,"minecraft:dark_prismarine_stairs":1,"minecraft:cobweb":11},"minecraft:killed":{"minecraft:elder_guardian":1,"minecraft:zombie":6,"minecraft:drowned":13,"minecraft:wither_skeleton":12,"minecraft:tropical_fish":2},"minecraft:dropped":{"minecraft:repeating_command_block":1,"minecraft:player_head":1,"minecraft:diamond":4,"minecraft:crossbow":1,"minecraft:quartz_pillar":2,"minecraft:emerald":5,"minecraft:dropper":1,"minecraft:chest":1,"minecraft:amethyst_shard":3,"minecraft:paper":4,"minecraft:redstone":1},"minecraft:picked_up":{"minecraft:repeater":6,"minecraft:prismarine_shard":1,"minecraft:potato":1,"minecraft:birch_button":5,"minecraft:shield":11,"minecraft:gunpowder":2,"minecraft:wither_skeleton_skull":2,"minecraft:lapis_lazuli":30,"minecraft:paper":16,"minecraft:bone":15,"minecraft:bow":11,"minecraft:redstone_torch":8,"minecraft:poppy":1,"minecraft:sugar_cane":51,"minecraft:dropper":1,"minecraft:sand":1,"minecraft:quartz_pillar":3,"minecraft:pointed_dripstone":4,"minecraft:redstone":145,"minecraft:quartz_block":1,"minecraft:stone_sword":4,"minecraft:repeating_command_block":1,"minecraft:rotten_flesh":14,"minecraft:diamond":29,"minecraft:tropical_fish":6,"minecraft:diamond_boots":31,"minecraft:crossbow":8,"minecraft:bone_meal":1,"minecraft:emerald":2,"minecraft:oak_button":7,"minecraft:rail":5,"minecraft:coal":6,"minecraft:cod":1,"minecraft:cobblestone":48,"minecraft:wet_sponge":1}},"DataVersion":3955}