{"stats":{"minecraft:picked_up":{"minecraft:pointed_dripstone":4,"minecraft:gunpowder":2,"minecraft:oak_button":1},"minecraft:used":{"minecraft:redstone_torch":5,"minecraft:quartz_bricks":76,"minecraft:lever":7,"minecraft:nether_brick_fence":5,"minecraft:water_bucket":29,"minecraft:end_rod":12,"minecraft:diorite":22,"minecraft:sea_lantern":177,"minecraft:amethyst_block":7,"minecraft:quartz_pillar":114,"minecraft:command_block":8,"minecraft:smooth_quartz_slab":112,"minecraft:grass_block":16,"minecraft:redstone":10,"minecraft:oak_button":3,"minecraft:warped_fence":41,"minecraft:quartz_block":60,"minecraft:blue_wool":11,"minecraft:spore_blossom":5,"minecraft:cauldron":2,"minecraft:deepslate":80,"minecraft:quartz_stairs":53,"minecraft:flowering_azalea_leaves":24,"minecraft:player_head":3,"minecraft:soul_lantern":22,"minecraft:glowstone":125,"minecraft:lime_terracotta":2,"minecraft:dirt":4,"minecraft:anvil":2,"minecraft:azalea_leaves":145,"minecraft:repeating_command_block":1,"minecraft:chiseled_quartz_block":213,"minecraft:glow_lichen":34},"minecraft:custom":{"minecraft:time_since_rest":131285,"minecraft:sprint_one_cm":25517,"minecraft:walk_one_cm":158110,"minecraft:interact_with_anvil":2,"minecraft:damage_dealt":20,"minecraft:swim_one_cm":450,"minecraft:fly_one_cm":966249,"minecraft:fill_cauldron":2,"minecraft:open_chest":1,"minecraft:crouch_one_cm":650,"minecraft:play_time":131285,"minecraft:sneak_time":4657,"minecraft:walk_under_water_one_cm":17535,"minecraft:jump":323,"minecraft:leave_game":7,"minecraft:time_since_death":131285,"minecraft:walk_on_water_one_cm":3801,"minecraft:total_world_time":131476,"minecraft:climb_one_cm":667,"minecraft:inspect_dispenser":1}},"DataVersion":3955}