{"stats":{"minecraft:picked_up":{"minecraft:oak_button":1},"minecraft:custom":{"minecraft:jump":39,"minecraft:time_since_rest":19562,"minecraft:crouch_one_cm":117,"minecraft:play_time":19562,"minecraft:leave_game":4,"minecraft:sprint_one_cm":4305,"minecraft:time_since_death":19562,"minecraft:walk_one_cm":22264,"minecraft:sneak_time":886,"minecraft:climb_one_cm":45,"minecraft:total_world_time":19753,"minecraft:fly_one_cm":246113},"minecraft:used":{"minecraft:redstone":2,"minecraft:oak_button":3,"minecraft:dirt":1,"minecraft:command_block":2,"minecraft:grass_block":10}},"DataVersion":3955}