{"stats":{"minecraft:picked_up":{"minecraft:oak_button":1},"minecraft:custom":{"minecraft:jump":64,"minecraft:time_since_rest":31562,"minecraft:crouch_one_cm":337,"minecraft:play_time":31562,"minecraft:leave_game":4,"minecraft:sprint_one_cm":9720,"minecraft:time_since_death":31562,"minecraft:walk_one_cm":36531,"minecraft:sneak_time":1325,"minecraft:climb_one_cm":667,"minecraft:total_world_time":31753,"minecraft:fly_one_cm":349922,"minecraft:fill_cauldron":2},"minecraft:used":{"minecraft:redstone":2,"minecraft:oak_button":3,"minecraft:water_bucket":2,"minecraft:dirt":1,"minecraft:lime_terracotta":2,"minecraft:cauldron":2,"minecraft:command_block":2,"minecraft:player_head":3,"minecraft:grass_block":10}},"DataVersion":3955}