{"stats":{"minecraft:used":{"minecraft:oak_button":2,"minecraft:command_block":2,"minecraft:grass_block":1},"minecraft:picked_up":{"minecraft:oak_button":1},"minecraft:custom":{"minecraft:jump":22,"minecraft:time_since_rest":12008,"minecraft:crouch_one_cm":117,"minecraft:play_time":12008,"minecraft:leave_game":3,"minecraft:sprint_one_cm":3509,"minecraft:time_since_death":12008,"minecraft:walk_one_cm":14110,"minecraft:sneak_time":654,"minecraft:climb_one_cm":45,"minecraft:total_world_time":12199,"minecraft:fly_one_cm":163874}},"DataVersion":3955}