{"stats":{"minecraft:picked_up":{"minecraft:oak_button":1},"minecraft:custom":{"minecraft:time_since_rest":55562,"minecraft:fill_cauldron":2,"minecraft:crouch_one_cm":366,"minecraft:sprint_one_cm":11387,"minecraft:play_time":55562,"minecraft:walk_one_cm":57405,"minecraft:sneak_time":1390,"minecraft:interact_with_anvil":2,"minecraft:jump":105,"minecraft:leave_game":4,"minecraft:time_since_death":55562,"minecraft:total_world_time":55753,"minecraft:climb_one_cm":667,"minecraft:fly_one_cm":350533},"minecraft:used":{"minecraft:lever":1,"minecraft:water_bucket":2,"minecraft:dirt":4,"minecraft:lime_terracotta":2,"minecraft:anvil":2,"minecraft:command_block":3,"minecraft:grass_block":10,"minecraft:redstone":2,"minecraft:oak_button":3,"minecraft:cauldron":2,"minecraft:player_head":3}},"DataVersion":3955}