{"stats":{"minecraft:picked_up":{"minecraft:oak_button":1},"minecraft:used":{"minecraft:soul_lantern":2,"minecraft:nether_brick_fence":5,"minecraft:water_bucket":2,"minecraft:lever":7,"minecraft:amethyst_block":7,"minecraft:dirt":4,"minecraft:lime_terracotta":2,"minecraft:anvil":2,"minecraft:command_block":8,"minecraft:grass_block":15,"minecraft:redstone":10,"minecraft:oak_button":3,"minecraft:repeating_command_block":1,"minecraft:glow_lichen":34,"minecraft:cauldron":2,"minecraft:redstone_torch":4,"minecraft:player_head":3},"minecraft:custom":{"minecraft:open_chest":1,"minecraft:time_since_rest":71299,"minecraft:fill_cauldron":2,"minecraft:crouch_one_cm":533,"minecraft:play_time":71299,"minecraft:sprint_one_cm":16811,"minecraft:walk_one_cm":101288,"minecraft:sneak_time":1662,"minecraft:interact_with_anvil":2,"minecraft:jump":161,"minecraft:damage_dealt":10,"minecraft:leave_game":7,"minecraft:time_since_death":71299,"minecraft:climb_one_cm":667,"minecraft:total_world_time":71490,"minecraft:fly_one_cm":460277,"minecraft:inspect_dispenser":1}},"DataVersion":3955}