{"stats":{"minecraft:dropped":{"minecraft:repeating_command_block":1,"minecraft:player_head":1,"minecraft:diamond":4,"minecraft:crossbow":1,"minecraft:quartz_pillar":2,"minecraft:emerald":5,"minecraft:dropper":1,"minecraft:chest":1,"minecraft:amethyst_shard":3,"minecraft:paper":4,"minecraft:redstone":1},"minecraft:used":{"minecraft:iron_bars":60,"minecraft:quartz_bricks":76,"minecraft:trident":1,"minecraft:diorite":26,"minecraft:nether_brick_fence":5,"minecraft:water_bucket":56,"minecraft:end_rod":16,"minecraft:netherite_sword":48,"minecraft:leather_leggings":2,"minecraft:writable_book":3,"minecraft:diamond_boots":5,"minecraft:amethyst_block":62,"minecraft:wither_skeleton_skull":4,"minecraft:dropper":7,"minecraft:flint_and_steel":1,"minecraft:dark_oak_hanging_sign":2,"minecraft:smooth_quartz_slab":112,"minecraft:dark_oak_sign":5,"minecraft:dispenser":14,"minecraft:redstone":236,"minecraft:oak_sign":1,"minecraft:blue_wool":12,"minecraft:spruce_planks":14,"minecraft:chest":15,"minecraft:leather_chestplate":1,"minecraft:stone":1,"minecraft:zombie_spawn_egg":11,"minecraft:cauldron":2,"minecraft:glow_ink_sac":5,"minecraft:quartz_stairs":76,"minecraft:player_head":11,"minecraft:rail":48,"minecraft:red_nether_brick_slab":4,"minecraft:dirt":18,"minecraft:lime_terracotta":2,"minecraft:anvil":7,"minecraft:comparator":1,"minecraft:tnt":3,"minecraft:hopper":23,"minecraft:crafter":1,"minecraft:crossbow":1,"minecraft:diamond_helmet":1,"minecraft:chiseled_quartz_block":239,"minecraft:glow_lichen":34,"minecraft:spruce_log":100,"minecraft:polished_diorite":1,"minecraft:redstone_torch":19,"minecraft:yellow_dye":5,"minecraft:crimson_button":1,"minecraft:lever":14,"minecraft:sea_lantern":192,"minecraft:diamond_pickaxe":6,"minecraft:bricks":1,"minecraft:quartz_pillar":221,"minecraft:crying_obsidian":25,"minecraft:command_block":103,"minecraft:quartz_slab":2,"minecraft:lantern":16,"minecraft:grass_block":23,"minecraft:oak_button":40,"minecraft:warped_fence":41,"minecraft:quartz_block":218,"minecraft:spore_blossom":5,"minecraft:iron_helmet":1,"minecraft:iron_door":1,"minecraft:deepslate":142,"minecraft:flowering_azalea_leaves":24,"minecraft:stone_bricks":1,"minecraft:soul_lantern":22,"minecraft:bedrock":2,"minecraft:birch_button":14,"minecraft:diamond_sword":11,"minecraft:glowstone":127,"minecraft:repeater":20,"minecraft:redstone_lamp":21,"minecraft:cobblestone":8,"minecraft:bow":12,"minecraft:azalea_leaves":147,"minecraft:chainmail_boots":1,"minecraft:turtle_helmet":1,"minecraft:chain_command_block":33,"minecraft:chain":4,"minecraft:polished_diorite_stairs":32,"minecraft:skeleton_skull":6,"minecraft:repeating_command_block":19,"minecraft:trapped_chest":1},"minecraft:mined":{"minecraft:deepslate_gold_ore":1,"minecraft:deepslate_lapis_ore":5},"minecraft:custom":{"minecraft:inspect_dropper":2,"minecraft:interact_with_anvil":72,"minecraft:mob_kills":22,"minecraft:inspect_hopper":15,"minecraft:fill_cauldron":2,"minecraft:leave_game":15,"minecraft:time_since_death":325714,"minecraft:climb_one_cm":1587,"minecraft:time_since_rest":325779,"minecraft:sprint_one_cm":114327,"minecraft:damage_taken":592,"minecraft:walk_one_cm":559931,"minecraft:trigger_trapped_chest":11,"minecraft:drop":24,"minecraft:damage_dealt":3539,"minecraft:swim_one_cm":450,"minecraft:talked_to_villager":2,"minecraft:fly_one_cm":2193159,"minecraft:open_chest":181,"minecraft:crouch_one_cm":5732,"minecraft:play_time":635205,"minecraft:sneak_time":9519,"minecraft:deaths":1,"minecraft:walk_under_water_one_cm":24186,"minecraft:jump":1377,"minecraft:walk_on_water_one_cm":11952,"minecraft:total_world_time":635396,"minecraft:fall_one_cm":4708,"minecraft:inspect_dispenser":159},"minecraft:killed":{"minecraft:zombie":6,"minecraft:wither_skeleton":12},"minecraft:picked_up":{"minecraft:repeater":6,"minecraft:potato":1,"minecraft:birch_button":5,"minecraft:gunpowder":2,"minecraft:shield":11,"minecraft:wither_skeleton_skull":2,"minecraft:lapis_lazuli":30,"minecraft:paper":16,"minecraft:bone":15,"minecraft:bow":11,"minecraft:redstone_torch":8,"minecraft:poppy":1,"minecraft:sugar_cane":51,"minecraft:dropper":1,"minecraft:sand":1,"minecraft:quartz_pillar":3,"minecraft:pointed_dripstone":4,"minecraft:redstone":145,"minecraft:stone_sword":4,"minecraft:diamond":29,"minecraft:quartz_block":1,"minecraft:rotten_flesh":4,"minecraft:repeating_command_block":1,"minecraft:diamond_boots":31,"minecraft:crossbow":8,"minecraft:emerald":2,"minecraft:oak_button":7,"minecraft:rail":3,"minecraft:coal":6,"minecraft:cobblestone":48}},"DataVersion":3955}