{"stats":{"minecraft:picked_up":{"minecraft:oak_button":1,"minecraft:gunpowder":2},"minecraft:used":{"minecraft:soul_lantern":2,"minecraft:quartz_bricks":47,"minecraft:water_bucket":2,"minecraft:nether_brick_fence":5,"minecraft:lever":7,"minecraft:glowstone":53,"minecraft:amethyst_block":7,"minecraft:dirt":4,"minecraft:lime_terracotta":2,"minecraft:anvil":2,"minecraft:quartz_pillar":72,"minecraft:command_block":8,"minecraft:grass_block":16,"minecraft:redstone":10,"minecraft:oak_button":3,"minecraft:quartz_block":16,"minecraft:blue_wool":11,"minecraft:repeating_command_block":1,"minecraft:chiseled_quartz_block":66,"minecraft:glow_lichen":34,"minecraft:cauldron":2,"minecraft:quartz_stairs":13,"minecraft:deepslate":80,"minecraft:player_head":3,"minecraft:redstone_torch":4},"minecraft:custom":{"minecraft:time_since_rest":95285,"minecraft:open_chest":1,"minecraft:fill_cauldron":2,"minecraft:crouch_one_cm":649,"minecraft:play_time":95285,"minecraft:sprint_one_cm":22483,"minecraft:walk_one_cm":137441,"minecraft:walk_under_water_one_cm":8858,"minecraft:sneak_time":2902,"minecraft:interact_with_anvil":2,"minecraft:jump":223,"minecraft:damage_dealt":20,"minecraft:leave_game":7,"minecraft:walk_on_water_one_cm":1160,"minecraft:time_since_death":95285,"minecraft:climb_one_cm":667,"minecraft:total_world_time":95476,"minecraft:fly_one_cm":762231,"minecraft:inspect_dispenser":1}},"DataVersion":3955}