{"stats":{"minecraft:dropped":{"minecraft:repeating_command_block":1,"minecraft:player_head":1,"minecraft:diamond":4,"minecraft:crossbow":1,"minecraft:quartz_pillar":2,"minecraft:emerald":5,"minecraft:dropper":1,"minecraft:chest":1,"minecraft:amethyst_shard":3,"minecraft:paper":4,"minecraft:redstone":1},"minecraft:used":{"minecraft:iron_bars":60,"minecraft:quartz_bricks":76,"minecraft:trident":1,"minecraft:diorite":26,"minecraft:nether_brick_fence":5,"minecraft:water_bucket":56,"minecraft:end_rod":12,"minecraft:netherite_sword":6,"minecraft:leather_leggings":2,"minecraft:writable_book":1,"minecraft:diamond_boots":5,"minecraft:amethyst_block":7,"minecraft:dropper":7,"minecraft:dark_oak_hanging_sign":2,"minecraft:smooth_quartz_slab":112,"minecraft:dark_oak_sign":5,"minecraft:dispenser":14,"minecraft:redstone":229,"minecraft:oak_sign":1,"minecraft:blue_wool":12,"minecraft:chest":15,"minecraft:leather_chestplate":1,"minecraft:zombie_spawn_egg":11,"minecraft:cauldron":2,"minecraft:glow_ink_sac":5,"minecraft:quartz_stairs":76,"minecraft:player_head":3,"minecraft:dirt":18,"minecraft:lime_terracotta":2,"minecraft:anvil":6,"minecraft:comparator":1,"minecraft:hopper":23,"minecraft:crafter":1,"minecraft:crossbow":1,"minecraft:diamond_helmet":1,"minecraft:chiseled_quartz_block":239,"minecraft:glow_lichen":34,"minecraft:spruce_log":85,"minecraft:polished_diorite":1,"minecraft:redstone_torch":19,"minecraft:yellow_dye":5,"minecraft:crimson_button":1,"minecraft:lever":14,"minecraft:sea_lantern":192,"minecraft:diamond_pickaxe":6,"minecraft:bricks":1,"minecraft:quartz_pillar":221,"minecraft:command_block":99,"minecraft:quartz_slab":2,"minecraft:lantern":6,"minecraft:grass_block":23,"minecraft:oak_button":39,"minecraft:warped_fence":41,"minecraft:quartz_block":218,"minecraft:spore_blossom":5,"minecraft:iron_helmet":1,"minecraft:iron_door":1,"minecraft:deepslate":141,"minecraft:flowering_azalea_leaves":24,"minecraft:stone_bricks":1,"minecraft:soul_lantern":22,"minecraft:bedrock":2,"minecraft:birch_button":14,"minecraft:diamond_sword":11,"minecraft:glowstone":127,"minecraft:repeater":19,"minecraft:redstone_lamp":21,"minecraft:cobblestone":8,"minecraft:bow":12,"minecraft:azalea_leaves":147,"minecraft:chainmail_boots":1,"minecraft:turtle_helmet":1,"minecraft:chain_command_block":33,"minecraft:chain":4,"minecraft:polished_diorite_stairs":32,"minecraft:repeating_command_block":19},"minecraft:mined":{"minecraft:deepslate_gold_ore":1,"minecraft:deepslate_lapis_ore":5},"minecraft:custom":{"minecraft:inspect_dropper":2,"minecraft:interact_with_anvil":71,"minecraft:mob_kills":10,"minecraft:inspect_hopper":15,"minecraft:fill_cauldron":2,"minecraft:leave_game":15,"minecraft:time_since_death":301714,"minecraft:climb_one_cm":1587,"minecraft:time_since_rest":301779,"minecraft:sprint_one_cm":112566,"minecraft:damage_taken":592,"minecraft:walk_one_cm":536601,"minecraft:drop":24,"minecraft:damage_dealt":1139,"minecraft:swim_one_cm":450,"minecraft:talked_to_villager":2,"minecraft:fly_one_cm":2162255,"minecraft:open_chest":181,"minecraft:crouch_one_cm":5728,"minecraft:play_time":611205,"minecraft:sneak_time":8970,"minecraft:deaths":1,"minecraft:walk_under_water_one_cm":24103,"minecraft:jump":1298,"minecraft:walk_on_water_one_cm":11650,"minecraft:total_world_time":611396,"minecraft:fall_one_cm":4708,"minecraft:inspect_dispenser":159},"minecraft:killed":{"minecraft:zombie":6},"minecraft:picked_up":{"minecraft:repeater":6,"minecraft:potato":1,"minecraft:birch_button":5,"minecraft:gunpowder":2,"minecraft:shield":11,"minecraft:lapis_lazuli":30,"minecraft:paper":16,"minecraft:bow":11,"minecraft:redstone_torch":8,"minecraft:poppy":1,"minecraft:sugar_cane":51,"minecraft:dropper":1,"minecraft:sand":1,"minecraft:quartz_pillar":3,"minecraft:pointed_dripstone":4,"minecraft:redstone":145,"minecraft:diamond":29,"minecraft:quartz_block":1,"minecraft:rotten_flesh":4,"minecraft:repeating_command_block":1,"minecraft:diamond_boots":31,"minecraft:crossbow":8,"minecraft:emerald":2,"minecraft:oak_button":7}},"DataVersion":3955}