{"stats":{"minecraft:dropped":{"minecraft:repeating_command_block":1,"minecraft:player_head":1,"minecraft:dropper":1,"minecraft:chest":1},"minecraft:used":{"minecraft:quartz_bricks":76,"minecraft:trident":1,"minecraft:diorite":22,"minecraft:nether_brick_fence":5,"minecraft:water_bucket":48,"minecraft:end_rod":12,"minecraft:netherite_sword":6,"minecraft:leather_leggings":2,"minecraft:diamond_boots":4,"minecraft:amethyst_block":7,"minecraft:dropper":7,"minecraft:smooth_quartz_slab":112,"minecraft:dispenser":4,"minecraft:redstone":120,"minecraft:blue_wool":12,"minecraft:chest":15,"minecraft:leather_chestplate":1,"minecraft:zombie_spawn_egg":11,"minecraft:cauldron":2,"minecraft:quartz_stairs":75,"minecraft:player_head":3,"minecraft:dirt":18,"minecraft:lime_terracotta":2,"minecraft:anvil":6,"minecraft:comparator":1,"minecraft:hopper":23,"minecraft:crafter":1,"minecraft:diamond_helmet":1,"minecraft:chiseled_quartz_block":238,"minecraft:glow_lichen":34,"minecraft:redstone_torch":12,"minecraft:lever":14,"minecraft:sea_lantern":192,"minecraft:diamond_pickaxe":6,"minecraft:bricks":1,"minecraft:quartz_pillar":178,"minecraft:command_block":96,"minecraft:quartz_slab":2,"minecraft:grass_block":23,"minecraft:oak_button":38,"minecraft:warped_fence":41,"minecraft:quartz_block":138,"minecraft:spore_blossom":5,"minecraft:iron_helmet":1,"minecraft:iron_door":1,"minecraft:deepslate":131,"minecraft:flowering_azalea_leaves":24,"minecraft:stone_bricks":1,"minecraft:soul_lantern":22,"minecraft:bedrock":2,"minecraft:birch_button":14,"minecraft:diamond_sword":11,"minecraft:glowstone":127,"minecraft:repeater":16,"minecraft:redstone_lamp":21,"minecraft:cobblestone":8,"minecraft:bow":11,"minecraft:azalea_leaves":147,"minecraft:chainmail_boots":1,"minecraft:turtle_helmet":1,"minecraft:chain_command_block":23,"minecraft:polished_diorite_stairs":13,"minecraft:repeating_command_block":9},"minecraft:mined":{"minecraft:deepslate_gold_ore":1,"minecraft:deepslate_lapis_ore":5},"minecraft:custom":{"minecraft:inspect_dropper":2,"minecraft:interact_with_anvil":71,"minecraft:mob_kills":10,"minecraft:inspect_hopper":15,"minecraft:fill_cauldron":2,"minecraft:leave_game":14,"minecraft:time_since_death":224396,"minecraft:climb_one_cm":1587,"minecraft:time_since_rest":224461,"minecraft:sprint_one_cm":89274,"minecraft:damage_taken":592,"minecraft:walk_one_cm":404498,"minecraft:drop":4,"minecraft:damage_dealt":1139,"minecraft:swim_one_cm":450,"minecraft:talked_to_villager":2,"minecraft:fly_one_cm":1822720,"minecraft:open_chest":153,"minecraft:crouch_one_cm":5541,"minecraft:play_time":533887,"minecraft:sneak_time":8209,"minecraft:deaths":1,"minecraft:walk_under_water_one_cm":23191,"minecraft:jump":938,"minecraft:walk_on_water_one_cm":9219,"minecraft:total_world_time":534078,"minecraft:fall_one_cm":4708,"minecraft:inspect_dispenser":62},"minecraft:killed":{"minecraft:zombie":6},"minecraft:picked_up":{"minecraft:repeater":5,"minecraft:potato":1,"minecraft:birch_button":5,"minecraft:gunpowder":2,"minecraft:shield":3,"minecraft:lapis_lazuli":30,"minecraft:paper":15,"minecraft:bow":6,"minecraft:redstone_torch":1,"minecraft:poppy":1,"minecraft:sugar_cane":51,"minecraft:dropper":1,"minecraft:sand":1,"minecraft:quartz_pillar":1,"minecraft:pointed_dripstone":4,"minecraft:redstone":33,"minecraft:diamond":28,"minecraft:rotten_flesh":4,"minecraft:repeating_command_block":1,"minecraft:diamond_boots":24,"minecraft:crossbow":2,"minecraft:oak_button":4}},"DataVersion":3955}