{"stats":{"minecraft:picked_up":{"minecraft:pointed_dripstone":4,"minecraft:gunpowder":2,"minecraft:oak_button":1},"minecraft:used":{"minecraft:redstone_torch":4,"minecraft:quartz_bricks":76,"minecraft:lever":7,"minecraft:nether_brick_fence":5,"minecraft:water_bucket":29,"minecraft:diorite":22,"minecraft:sea_lantern":174,"minecraft:amethyst_block":7,"minecraft:quartz_pillar":95,"minecraft:command_block":8,"minecraft:smooth_quartz_slab":58,"minecraft:grass_block":16,"minecraft:redstone":10,"minecraft:oak_button":3,"minecraft:quartz_block":60,"minecraft:blue_wool":11,"minecraft:cauldron":2,"minecraft:deepslate":80,"minecraft:quartz_stairs":22,"minecraft:flowering_azalea_leaves":24,"minecraft:player_head":3,"minecraft:soul_lantern":2,"minecraft:glowstone":125,"minecraft:lime_terracotta":2,"minecraft:dirt":4,"minecraft:anvil":2,"minecraft:azalea_leaves":145,"minecraft:repeating_command_block":1,"minecraft:chiseled_quartz_block":159,"minecraft:glow_lichen":34},"minecraft:custom":{"minecraft:time_since_rest":119285,"minecraft:sprint_one_cm":23445,"minecraft:walk_one_cm":144458,"minecraft:interact_with_anvil":2,"minecraft:damage_dealt":20,"minecraft:swim_one_cm":450,"minecraft:fly_one_cm":882202,"minecraft:fill_cauldron":2,"minecraft:open_chest":1,"minecraft:crouch_one_cm":650,"minecraft:play_time":119285,"minecraft:sneak_time":4074,"minecraft:walk_under_water_one_cm":17535,"minecraft:jump":309,"minecraft:leave_game":7,"minecraft:time_since_death":119285,"minecraft:walk_on_water_one_cm":3801,"minecraft:total_world_time":119476,"minecraft:climb_one_cm":667,"minecraft:inspect_dispenser":1}},"DataVersion":3955}