{"stats":{"minecraft:picked_up":{"minecraft:sand":1,"minecraft:pointed_dripstone":4,"minecraft:gunpowder":2,"minecraft:paper":15,"minecraft:diamond":28,"minecraft:oak_button":1,"minecraft:sugar_cane":51},"minecraft:dropped":{"minecraft:player_head":1,"minecraft:chest":1},"minecraft:custom":{"minecraft:time_since_rest":891,"minecraft:damage_taken":250,"minecraft:sprint_one_cm":33437,"minecraft:walk_one_cm":200074,"minecraft:interact_with_anvil":7,"minecraft:drop":2,"minecraft:inspect_hopper":10,"minecraft:damage_dealt":30,"minecraft:swim_one_cm":450,"minecraft:fly_one_cm":1468490,"minecraft:fill_cauldron":2,"minecraft:open_chest":56,"minecraft:crouch_one_cm":697,"minecraft:play_time":310317,"minecraft:deaths":1,"minecraft:sneak_time":6125,"minecraft:walk_under_water_one_cm":22521,"minecraft:jump":394,"minecraft:leave_game":9,"minecraft:time_since_death":826,"minecraft:walk_on_water_one_cm":6048,"minecraft:total_world_time":310508,"minecraft:climb_one_cm":1587,"minecraft:fall_one_cm":267,"minecraft:inspect_dispenser":1},"minecraft:used":{"minecraft:redstone_torch":5,"minecraft:quartz_bricks":76,"minecraft:lever":14,"minecraft:nether_brick_fence":5,"minecraft:water_bucket":41,"minecraft:sea_lantern":192,"minecraft:diorite":22,"minecraft:end_rod":12,"minecraft:amethyst_block":7,"minecraft:bricks":1,"minecraft:quartz_pillar":146,"minecraft:command_block":28,"minecraft:quartz_slab":2,"minecraft:smooth_quartz_slab":112,"minecraft:grass_block":16,"minecraft:redstone":10,"minecraft:oak_button":10,"minecraft:warped_fence":41,"minecraft:quartz_block":82,"minecraft:blue_wool":12,"minecraft:spore_blossom":5,"minecraft:chest":9,"minecraft:cauldron":2,"minecraft:iron_door":1,"minecraft:deepslate":90,"minecraft:quartz_stairs":75,"minecraft:player_head":3,"minecraft:flowering_azalea_leaves":24,"minecraft:stone_bricks":1,"minecraft:soul_lantern":22,"minecraft:bedrock":2,"minecraft:cobblestone":8,"minecraft:dirt":4,"minecraft:glowstone":125,"minecraft:redstone_lamp":11,"minecraft:lime_terracotta":2,"minecraft:anvil":3,"minecraft:azalea_leaves":147,"minecraft:hopper":22,"minecraft:crafter":1,"minecraft:chain_command_block":1,"minecraft:repeating_command_block":5,"minecraft:chiseled_quartz_block":238,"minecraft:glow_lichen":34}},"DataVersion":3955}