{"stats":{"minecraft:picked_up":{"minecraft:pointed_dripstone":4,"minecraft:oak_button":1,"minecraft:gunpowder":2},"minecraft:used":{"minecraft:soul_lantern":2,"minecraft:quartz_bricks":47,"minecraft:water_bucket":10,"minecraft:nether_brick_fence":5,"minecraft:lever":7,"minecraft:sea_lantern":140,"minecraft:glowstone":125,"minecraft:amethyst_block":7,"minecraft:dirt":4,"minecraft:lime_terracotta":2,"minecraft:anvil":2,"minecraft:quartz_pillar":86,"minecraft:command_block":8,"minecraft:grass_block":16,"minecraft:redstone":10,"minecraft:oak_button":3,"minecraft:quartz_block":57,"minecraft:blue_wool":11,"minecraft:repeating_command_block":1,"minecraft:chiseled_quartz_block":79,"minecraft:glow_lichen":34,"minecraft:cauldron":2,"minecraft:quartz_stairs":22,"minecraft:deepslate":80,"minecraft:player_head":3,"minecraft:redstone_torch":4},"minecraft:custom":{"minecraft:time_since_rest":107285,"minecraft:open_chest":1,"minecraft:fill_cauldron":2,"minecraft:crouch_one_cm":649,"minecraft:play_time":107285,"minecraft:sprint_one_cm":23270,"minecraft:walk_one_cm":141934,"minecraft:walk_under_water_one_cm":8858,"minecraft:sneak_time":3395,"minecraft:interact_with_anvil":2,"minecraft:jump":293,"minecraft:damage_dealt":20,"minecraft:leave_game":7,"minecraft:walk_on_water_one_cm":1251,"minecraft:time_since_death":107285,"minecraft:climb_one_cm":667,"minecraft:total_world_time":107476,"minecraft:fly_one_cm":834546,"minecraft:inspect_dispenser":1}},"DataVersion":3955}