{"stats":{"minecraft:picked_up":{"minecraft:sand":1,"minecraft:pointed_dripstone":4,"minecraft:gunpowder":2,"minecraft:paper":15,"minecraft:diamond":28,"minecraft:oak_button":1,"minecraft:sugar_cane":51},"minecraft:custom":{"minecraft:time_since_rest":298336,"minecraft:sprint_one_cm":26127,"minecraft:walk_one_cm":176612,"minecraft:interact_with_anvil":7,"minecraft:inspect_hopper":9,"minecraft:damage_dealt":20,"minecraft:swim_one_cm":450,"minecraft:fly_one_cm":1353297,"minecraft:fill_cauldron":2,"minecraft:open_chest":52,"minecraft:crouch_one_cm":697,"minecraft:play_time":298336,"minecraft:sneak_time":5936,"minecraft:walk_under_water_one_cm":22521,"minecraft:jump":355,"minecraft:leave_game":9,"minecraft:time_since_death":298336,"minecraft:walk_on_water_one_cm":6048,"minecraft:total_world_time":298527,"minecraft:climb_one_cm":1283,"minecraft:inspect_dispenser":1},"minecraft:used":{"minecraft:redstone_torch":5,"minecraft:quartz_bricks":76,"minecraft:lever":13,"minecraft:nether_brick_fence":5,"minecraft:water_bucket":41,"minecraft:sea_lantern":177,"minecraft:diorite":22,"minecraft:end_rod":12,"minecraft:amethyst_block":7,"minecraft:bricks":1,"minecraft:quartz_pillar":121,"minecraft:command_block":24,"minecraft:smooth_quartz_slab":112,"minecraft:grass_block":16,"minecraft:redstone":10,"minecraft:oak_button":10,"minecraft:warped_fence":41,"minecraft:quartz_block":63,"minecraft:blue_wool":12,"minecraft:spore_blossom":5,"minecraft:chest":9,"minecraft:cauldron":2,"minecraft:iron_door":1,"minecraft:deepslate":90,"minecraft:quartz_stairs":54,"minecraft:player_head":3,"minecraft:flowering_azalea_leaves":24,"minecraft:stone_bricks":1,"minecraft:soul_lantern":22,"minecraft:bedrock":2,"minecraft:dirt":4,"minecraft:glowstone":125,"minecraft:redstone_lamp":11,"minecraft:lime_terracotta":2,"minecraft:anvil":3,"minecraft:azalea_leaves":147,"minecraft:hopper":22,"minecraft:crafter":1,"minecraft:chain_command_block":1,"minecraft:repeating_command_block":5,"minecraft:chiseled_quartz_block":238,"minecraft:glow_lichen":34}},"DataVersion":3955}