{"stats":{"minecraft:picked_up":{"minecraft:potato":1,"minecraft:gunpowder":2,"minecraft:lapis_lazuli":30,"minecraft:paper":15,"minecraft:poppy":1,"minecraft:sugar_cane":51,"minecraft:sand":1,"minecraft:pointed_dripstone":4,"minecraft:rotten_flesh":4,"minecraft:diamond":28,"minecraft:oak_button":2},"minecraft:dropped":{"minecraft:player_head":1,"minecraft:chest":1},"minecraft:custom":{"minecraft:interact_with_anvil":71,"minecraft:mob_kills":10,"minecraft:inspect_hopper":11,"minecraft:fill_cauldron":2,"minecraft:leave_game":9,"minecraft:time_since_death":104596,"minecraft:climb_one_cm":1587,"minecraft:time_since_rest":104661,"minecraft:sprint_one_cm":62028,"minecraft:damage_taken":592,"minecraft:walk_one_cm":261377,"minecraft:drop":2,"minecraft:damage_dealt":1139,"minecraft:fly_one_cm":1593878,"minecraft:swim_one_cm":450,"minecraft:talked_to_villager":2,"minecraft:open_chest":95,"minecraft:crouch_one_cm":5428,"minecraft:play_time":414087,"minecraft:deaths":1,"minecraft:sneak_time":7190,"minecraft:walk_under_water_one_cm":23191,"minecraft:jump":539,"minecraft:walk_on_water_one_cm":6819,"minecraft:total_world_time":414278,"minecraft:fall_one_cm":4708,"minecraft:inspect_dispenser":1},"minecraft:mined":{"minecraft:deepslate_gold_ore":1,"minecraft:deepslate_lapis_ore":5},"minecraft:killed":{"minecraft:zombie":6},"minecraft:used":{"minecraft:quartz_bricks":76,"minecraft:water_bucket":41,"minecraft:nether_brick_fence":5,"minecraft:trident":1,"minecraft:end_rod":12,"minecraft:netherite_sword":6,"minecraft:diorite":22,"minecraft:leather_leggings":2,"minecraft:amethyst_block":7,"minecraft:diamond_boots":3,"minecraft:smooth_quartz_slab":112,"minecraft:redstone":10,"minecraft:blue_wool":12,"minecraft:chest":11,"minecraft:leather_chestplate":1,"minecraft:zombie_spawn_egg":11,"minecraft:cauldron":2,"minecraft:quartz_stairs":75,"minecraft:player_head":3,"minecraft:dirt":18,"minecraft:lime_terracotta":2,"minecraft:anvil":6,"minecraft:hopper":22,"minecraft:crafter":1,"minecraft:diamond_helmet":1,"minecraft:chiseled_quartz_block":238,"minecraft:glow_lichen":34,"minecraft:redstone_torch":5,"minecraft:lever":14,"minecraft:sea_lantern":192,"minecraft:diamond_pickaxe":6,"minecraft:bricks":1,"minecraft:quartz_pillar":146,"minecraft:command_block":36,"minecraft:quartz_slab":2,"minecraft:grass_block":23,"minecraft:oak_button":16,"minecraft:warped_fence":41,"minecraft:quartz_block":104,"minecraft:spore_blossom":5,"minecraft:iron_helmet":1,"minecraft:iron_door":1,"minecraft:deepslate":113,"minecraft:flowering_azalea_leaves":24,"minecraft:stone_bricks":1,"minecraft:soul_lantern":22,"minecraft:bedrock":2,"minecraft:diamond_sword":11,"minecraft:glowstone":127,"minecraft:redstone_lamp":14,"minecraft:cobblestone":8,"minecraft:bow":11,"minecraft:azalea_leaves":147,"minecraft:chainmail_boots":1,"minecraft:turtle_helmet":1,"minecraft:chain_command_block":1,"minecraft:repeating_command_block":5}},"DataVersion":3955}