{"stats":{"minecraft:used":{"minecraft:stone_brick_stairs":12,"minecraft:stone_bricks":118,"minecraft:glowstone":68,"minecraft:firework_rocket":4,"minecraft:light_gray_stained_glass":7,"minecraft:lantern":2,"minecraft:redstone":1,"minecraft:grass_block":2,"minecraft:yellow_stained_glass":58,"minecraft:red_stained_glass":122,"minecraft:spruce_slab":40,"minecraft:spruce_stairs":199,"minecraft:white_stained_glass":28,"minecraft:spruce_planks":60,"minecraft:stone":4,"minecraft:smooth_quartz":12,"minecraft:spruce_fence":82,"minecraft:stripped_spruce_log":24,"minecraft:spruce_fence_gate":4},"minecraft:custom":{"minecraft:time_since_rest":54144,"minecraft:crouch_one_cm":296,"minecraft:play_time":54144,"minecraft:sprint_one_cm":42408,"minecraft:walk_one_cm":14352,"minecraft:sneak_time":3309,"minecraft:walk_under_water_one_cm":1298,"minecraft:aviate_one_cm":226287,"minecraft:jump":162,"minecraft:damage_dealt":77,"minecraft:leave_game":5,"minecraft:walk_on_water_one_cm":1122,"minecraft:time_since_death":54144,"minecraft:climb_one_cm":285,"minecraft:total_world_time":54144,"minecraft:talked_to_villager":1,"minecraft:fly_one_cm":303438}},"DataVersion":3955}