{"stats":{"minecraft:killed":{"minecraft:zombie":1},"minecraft:picked_up":{"minecraft:iron_door":1,"minecraft:stone_button":1,"minecraft:lantern":1,"minecraft:rotten_flesh":1},"minecraft:used":{"minecraft:birch_door":1,"minecraft:mossy_cobblestone_stairs":2,"minecraft:blue_glazed_terracotta":5,"minecraft:warped_stem":365,"minecraft:diorite":1,"minecraft:iron_bars":4,"minecraft:firework_rocket":4,"minecraft:light_gray_stained_glass":7,"minecraft:lantern":23,"minecraft:yellow_stained_glass":58,"minecraft:grass_block":187,"minecraft:red_stained_glass":122,"minecraft:spruce_slab":103,"minecraft:redstone":1,"minecraft:ladder":83,"minecraft:warped_slab":31,"minecraft:stone_button":25,"minecraft:blue_wool":1,"minecraft:chest":1,"minecraft:spruce_planks":61,"minecraft:red_candle":10,"minecraft:stone":5,"minecraft:mossy_cobblestone_slab":30,"minecraft:spruce_trapdoor":82,"minecraft:smooth_quartz":12,"minecraft:spruce_sign":1,"minecraft:iron_door":15,"minecraft:wooden_shovel":66,"minecraft:blue_bed":1,"minecraft:green_bed":1,"minecraft:spruce_fence_gate":6,"minecraft:stone_brick_stairs":12,"minecraft:barrel":4,"minecraft:stone_bricks":154,"minecraft:bedrock":172,"minecraft:pink_bed":2,"minecraft:mossy_cobblestone":60,"minecraft:glowstone":133,"minecraft:brown_carpet":4,"minecraft:white_carpet":107,"minecraft:purple_bed":1,"minecraft:red_bed":2,"minecraft:spruce_stairs":238,"minecraft:cobblestone_wall":61,"minecraft:white_stained_glass":28,"minecraft:glass_pane":8,"minecraft:mossy_cobblestone_wall":15,"minecraft:spruce_fence":127,"minecraft:blue_concrete":153,"minecraft:stripped_spruce_log":125,"minecraft:polished_diorite":22},"minecraft:dropped":{"minecraft:purple_bed":1},"minecraft:custom":{"minecraft:time_since_rest":167000,"minecraft:sprint_one_cm":82650,"minecraft:walk_one_cm":109593,"minecraft:mob_kills":1,"minecraft:drop":1,"minecraft:damage_dealt":243,"minecraft:talked_to_villager":1,"minecraft:fly_one_cm":653011,"minecraft:open_chest":1,"minecraft:crouch_one_cm":1417,"minecraft:play_time":167000,"minecraft:sneak_time":7305,"minecraft:walk_under_water_one_cm":1298,"minecraft:aviate_one_cm":398126,"minecraft:jump":338,"minecraft:leave_game":11,"minecraft:time_since_death":167000,"minecraft:walk_on_water_one_cm":2386,"minecraft:total_world_time":167000,"minecraft:climb_one_cm":3101}},"DataVersion":3955}