{"stats":{"minecraft:used":{"minecraft:redstone":1,"minecraft:stone":4,"minecraft:firework_rocket":4,"minecraft:spruce_slab":20,"minecraft:spruce_stairs":128,"minecraft:stone_bricks":118,"minecraft:grass_block":2},"minecraft:custom":{"minecraft:jump":161,"minecraft:time_since_rest":37213,"minecraft:damage_dealt":30,"minecraft:crouch_one_cm":296,"minecraft:leave_game":4,"minecraft:sprint_one_cm":42408,"minecraft:play_time":37213,"minecraft:time_since_death":37213,"minecraft:walk_on_water_one_cm":1122,"minecraft:walk_one_cm":13832,"minecraft:sneak_time":2815,"minecraft:total_world_time":37213,"minecraft:climb_one_cm":285,"minecraft:walk_under_water_one_cm":1298,"minecraft:talked_to_villager":1,"minecraft:fly_one_cm":225846,"minecraft:aviate_one_cm":226287}},"DataVersion":3955}