{"stats":{"minecraft:used":{"minecraft:redstone":1,"minecraft:stone":4,"minecraft:firework_rocket":4,"minecraft:grass_block":2},"minecraft:custom":{"minecraft:jump":143,"minecraft:time_since_rest":17997,"minecraft:damage_dealt":30,"minecraft:crouch_one_cm":240,"minecraft:leave_game":3,"minecraft:sprint_one_cm":39132,"minecraft:play_time":17997,"minecraft:time_since_death":17997,"minecraft:walk_on_water_one_cm":1122,"minecraft:walk_one_cm":8314,"minecraft:walk_under_water_one_cm":1298,"minecraft:sneak_time":126,"minecraft:total_world_time":17997,"minecraft:climb_one_cm":285,"minecraft:talked_to_villager":1,"minecraft:fly_one_cm":93418,"minecraft:aviate_one_cm":223963}},"DataVersion":3955}