{"stats":{"minecraft:killed":{"minecraft:zombie":1},"minecraft:picked_up":{"minecraft:rotten_flesh":1,"minecraft:lantern":1},"minecraft:used":{"minecraft:stone_brick_stairs":12,"minecraft:stone_bricks":154,"minecraft:glowstone":133,"minecraft:firework_rocket":4,"minecraft:brown_carpet":4,"minecraft:light_gray_stained_glass":7,"minecraft:white_carpet":107,"minecraft:redstone":1,"minecraft:lantern":23,"minecraft:grass_block":2,"minecraft:yellow_stained_glass":58,"minecraft:red_stained_glass":122,"minecraft:spruce_slab":65,"minecraft:spruce_stairs":237,"minecraft:white_stained_glass":28,"minecraft:spruce_planks":61,"minecraft:stone":4,"minecraft:red_candle":10,"minecraft:spruce_trapdoor":82,"minecraft:spruce_fence":127,"minecraft:smooth_quartz":12,"minecraft:stripped_spruce_log":125,"minecraft:spruce_fence_gate":4,"minecraft:barrel":4},"minecraft:custom":{"minecraft:time_since_rest":86652,"minecraft:crouch_one_cm":653,"minecraft:play_time":86652,"minecraft:sprint_one_cm":55852,"minecraft:walk_one_cm":38057,"minecraft:sneak_time":5538,"minecraft:mob_kills":1,"minecraft:walk_under_water_one_cm":1298,"minecraft:aviate_one_cm":249477,"minecraft:jump":211,"minecraft:damage_dealt":142,"minecraft:leave_game":6,"minecraft:walk_on_water_one_cm":1122,"minecraft:time_since_death":86652,"minecraft:climb_one_cm":285,"minecraft:total_world_time":86652,"minecraft:talked_to_villager":1,"minecraft:fly_one_cm":375556}},"DataVersion":3955}