{"stats":{"minecraft:picked_up":{"minecraft:lantern":1,"minecraft:rotten_flesh":1},"minecraft:killed":{"minecraft:zombie":1},"minecraft:used":{"minecraft:mossy_cobblestone_stairs":2,"minecraft:firework_rocket":4,"minecraft:light_gray_stained_glass":7,"minecraft:lantern":23,"minecraft:yellow_stained_glass":58,"minecraft:grass_block":2,"minecraft:red_stained_glass":122,"minecraft:spruce_slab":77,"minecraft:redstone":1,"minecraft:spruce_planks":61,"minecraft:red_candle":10,"minecraft:stone":5,"minecraft:mossy_cobblestone_slab":30,"minecraft:spruce_trapdoor":82,"minecraft:smooth_quartz":12,"minecraft:spruce_fence_gate":4,"minecraft:stone_brick_stairs":12,"minecraft:barrel":4,"minecraft:stone_bricks":154,"minecraft:mossy_cobblestone":60,"minecraft:glowstone":133,"minecraft:brown_carpet":4,"minecraft:white_carpet":107,"minecraft:spruce_stairs":238,"minecraft:white_stained_glass":28,"minecraft:mossy_cobblestone_wall":15,"minecraft:spruce_fence":127,"minecraft:stripped_spruce_log":125},"minecraft:custom":{"minecraft:time_since_rest":113011,"minecraft:sprint_one_cm":71071,"minecraft:walk_one_cm":59684,"minecraft:mob_kills":1,"minecraft:damage_dealt":152,"minecraft:talked_to_villager":1,"minecraft:fly_one_cm":464083,"minecraft:crouch_one_cm":1368,"minecraft:play_time":113011,"minecraft:sneak_time":5797,"minecraft:walk_under_water_one_cm":1298,"minecraft:aviate_one_cm":300248,"minecraft:jump":259,"minecraft:leave_game":11,"minecraft:time_since_death":113011,"minecraft:walk_on_water_one_cm":1786,"minecraft:total_world_time":113011,"minecraft:climb_one_cm":1228}},"DataVersion":3955}