{"stats":{"minecraft:used":{"minecraft:redstone":1,"minecraft:stone":4,"minecraft:firework_rocket":4,"minecraft:stone_bricks":34,"minecraft:grass_block":2},"minecraft:custom":{"minecraft:jump":154,"minecraft:time_since_rest":25213,"minecraft:damage_dealt":30,"minecraft:crouch_one_cm":240,"minecraft:leave_game":4,"minecraft:sprint_one_cm":42408,"minecraft:play_time":25213,"minecraft:time_since_death":25213,"minecraft:walk_on_water_one_cm":1122,"minecraft:walk_one_cm":11418,"minecraft:sneak_time":230,"minecraft:total_world_time":25213,"minecraft:climb_one_cm":285,"minecraft:walk_under_water_one_cm":1298,"minecraft:talked_to_villager":1,"minecraft:fly_one_cm":162936,"minecraft:aviate_one_cm":224609}},"DataVersion":3955}