{"stats":{"minecraft:picked_up":{"minecraft:iron_door":1,"minecraft:stone_button":1,"minecraft:lantern":1,"minecraft:rotten_flesh":1,"minecraft:player_head":1},"minecraft:dropped":{"minecraft:purple_bed":1},"minecraft:custom":{"minecraft:time_since_rest":228161,"minecraft:damage_taken":10,"minecraft:sprint_one_cm":218561,"minecraft:walk_one_cm":196184,"minecraft:interact_with_anvil":1,"minecraft:mob_kills":2,"minecraft:drop":1,"minecraft:damage_dealt":736,"minecraft:player_kills":1,"minecraft:talked_to_villager":1,"minecraft:fly_one_cm":1127040,"minecraft:open_chest":6,"minecraft:crouch_one_cm":1763,"minecraft:play_time":228161,"minecraft:sneak_time":7641,"minecraft:walk_under_water_one_cm":2721,"minecraft:aviate_one_cm":785812,"minecraft:jump":866,"minecraft:leave_game":15,"minecraft:time_since_death":228161,"minecraft:walk_on_water_one_cm":2473,"minecraft:total_world_time":228161,"minecraft:climb_one_cm":5016},"minecraft:killed":{"minecraft:zombie":1,"minecraft:spider":1},"minecraft:used":{"minecraft:calcite":2,"minecraft:birch_door":1,"minecraft:purple_stained_glass":4,"minecraft:mossy_cobblestone_stairs":2,"minecraft:warped_stem":365,"minecraft:blue_glazed_terracotta":5,"minecraft:diorite":2,"minecraft:dirt_path":3,"minecraft:iron_bars":4,"minecraft:firework_rocket":4,"minecraft:light_gray_stained_glass":7,"minecraft:yellow_stained_glass":58,"minecraft:grass_block":196,"minecraft:lantern":23,"minecraft:red_stained_glass":122,"minecraft:ladder":83,"minecraft:spruce_slab":129,"minecraft:redstone":1,"minecraft:stone_button":26,"minecraft:warped_slab":31,"minecraft:packed_mud":2,"minecraft:quartz_block":2,"minecraft:blue_wool":1,"minecraft:chest":1,"minecraft:spruce_planks":66,"minecraft:red_candle":10,"minecraft:stone":5,"minecraft:mossy_cobblestone_slab":30,"minecraft:spruce_trapdoor":82,"minecraft:mud_bricks":15,"minecraft:smooth_quartz":14,"minecraft:spruce_sign":2,"minecraft:iron_door":15,"minecraft:green_bed":1,"minecraft:blue_bed":1,"minecraft:wooden_shovel":66,"minecraft:spruce_fence_gate":6,"minecraft:barrel":4,"minecraft:stone_brick_stairs":12,"minecraft:stone_bricks":154,"minecraft:bedrock":172,"minecraft:pink_bed":2,"minecraft:torch":149,"minecraft:mossy_cobblestone":60,"minecraft:glowstone":133,"minecraft:anvil":1,"minecraft:brown_carpet":4,"minecraft:white_carpet":107,"minecraft:purple_bed":1,"minecraft:red_bed":2,"minecraft:spruce_stairs":238,"minecraft:white_stained_glass":28,"minecraft:cobblestone_wall":61,"minecraft:glass_pane":8,"minecraft:mossy_cobblestone_wall":15,"minecraft:spruce_fence":127,"minecraft:blue_concrete":153,"minecraft:mushroom_stem":19,"minecraft:stripped_spruce_log":125,"minecraft:polished_diorite":23}},"DataVersion":3955}