{"stats":{"minecraft:used":{"minecraft:stone_brick_stairs":12,"minecraft:stone_bricks":118,"minecraft:glowstone":68,"minecraft:firework_rocket":4,"minecraft:light_gray_stained_glass":7,"minecraft:redstone":1,"minecraft:lantern":14,"minecraft:grass_block":2,"minecraft:yellow_stained_glass":58,"minecraft:red_stained_glass":122,"minecraft:spruce_slab":56,"minecraft:spruce_stairs":213,"minecraft:white_stained_glass":28,"minecraft:spruce_planks":61,"minecraft:stone":4,"minecraft:red_candle":10,"minecraft:spruce_trapdoor":27,"minecraft:spruce_fence":97,"minecraft:smooth_quartz":12,"minecraft:stripped_spruce_log":124,"minecraft:spruce_fence_gate":4},"minecraft:custom":{"minecraft:time_since_rest":62652,"minecraft:crouch_one_cm":296,"minecraft:play_time":62652,"minecraft:sprint_one_cm":43346,"minecraft:walk_one_cm":14846,"minecraft:sneak_time":4128,"minecraft:walk_under_water_one_cm":1298,"minecraft:aviate_one_cm":226287,"minecraft:jump":167,"minecraft:damage_dealt":122,"minecraft:leave_game":6,"minecraft:walk_on_water_one_cm":1122,"minecraft:time_since_death":62652,"minecraft:climb_one_cm":285,"minecraft:total_world_time":62652,"minecraft:talked_to_villager":1,"minecraft:fly_one_cm":329045}},"DataVersion":3955}