{"stats":{"minecraft:dropped":{"minecraft:packed_ice":2,"minecraft:egg":1},"minecraft:used":{"minecraft:poppy":2,"minecraft:egg":1},"minecraft:picked_up":{"minecraft:packed_ice":2,"minecraft:poppy":1,"minecraft:egg":2},"minecraft:custom":{"minecraft:open_barrel":2,"minecraft:open_chest":1,"minecraft:time_since_rest":25280,"minecraft:crouch_one_cm":490,"minecraft:play_time":32791,"minecraft:sprint_one_cm":22303,"minecraft:walk_one_cm":107180,"minecraft:sneak_time":346,"minecraft:walk_under_water_one_cm":9948,"minecraft:drop":3,"minecraft:jump":107,"minecraft:leave_game":1,"minecraft:time_since_death":32791,"minecraft:walk_on_water_one_cm":1126,"minecraft:sleep_in_bed":1,"minecraft:total_world_time":32791,"minecraft:climb_one_cm":4410,"minecraft:swim_one_cm":5890,"minecraft:talked_to_villager":3,"minecraft:fly_one_cm":261994,"minecraft:horse_one_cm":7680}},"DataVersion":3955}