{"stats":{"minecraft:killed_by":{"minecraft:player":1},"minecraft:dropped":{"minecraft:purple_dye":1},"minecraft:used":{"minecraft:azalea":16,"minecraft:oak_trapdoor":95,"minecraft:oak_fence":8,"minecraft:chiseled_bookshelf":7,"minecraft:dark_oak_stairs":9,"minecraft:nether_brick_fence":60,"minecraft:water_bucket":7,"minecraft:writable_book":2,"minecraft:iron_bars":5,"minecraft:cobblestone_stairs":29,"minecraft:spruce_door":2,"minecraft:wither_skeleton_skull":1,"minecraft:flint_and_steel":4,"minecraft:carved_pumpkin":1,"minecraft:armor_stand":2,"minecraft:spruce_slab":18,"minecraft:suspicious_sand":1,"minecraft:elytra":1,"minecraft:chest":9,"minecraft:decorated_pot":12,"minecraft:spruce_planks":25,"minecraft:brewer_pottery_sherd":4,"minecraft:cauldron":14,"minecraft:polished_blackstone_wall":56,"minecraft:cobblestone_slab":2,"minecraft:netherrack":3,"minecraft:glow_item_frame":1,"minecraft:torch":1,"minecraft:brewing_stand":7,"minecraft:soul_sand":9,"minecraft:anvil":2,"minecraft:oak_slab":17,"minecraft:tnt":3,"minecraft:crafting_table":1,"minecraft:spruce_stairs":41,"minecraft:nether_bricks":1018,"minecraft:blast_furnace":1,"minecraft:nether_brick_slab":123,"minecraft:campfire":15,"minecraft:exposed_copper_door":2,"minecraft:deepslate_lapis_ore":3,"minecraft:nether_brick_stairs":291,"minecraft:redstone_torch":4,"minecraft:book":33,"minecraft:small_dripleaf":7,"minecraft:shroomlight":7,"minecraft:oak_log":23,"minecraft:big_dripleaf":69,"minecraft:purple_banner":2,"minecraft:purple_stained_glass":65,"minecraft:polished_blackstone_slab":13,"minecraft:amethyst_cluster":2,"minecraft:dark_oak_planks":2,"minecraft:flower_pot":9,"minecraft:sea_lantern":3,"minecraft:firework_rocket":7,"minecraft:bookshelf":79,"minecraft:mangrove_door":2,"minecraft:crying_obsidian":30,"minecraft:blue_orchid":36,"minecraft:oak_stairs":37,"minecraft:lantern":33,"minecraft:grass_block":9,"minecraft:mangrove_propagule":23,"minecraft:slime_block":14,"minecraft:lectern":3,"minecraft:spruce_trapdoor":36,"minecraft:waxed_exposed_copper_bulb":1,"minecraft:barrel":4,"minecraft:soul_lantern":44,"minecraft:glowstone":35,"minecraft:cobblestone":80,"minecraft:magma_block":4,"minecraft:potion":7,"minecraft:written_book":1,"minecraft:furnace":7,"minecraft:medium_amethyst_bud":1,"minecraft:chain":9,"minecraft:glass_pane":12,"minecraft:skeleton_skull":3,"minecraft:sculk_vein":145,"minecraft:polished_blackstone_stairs":17,"minecraft:purple_carpet":35,"minecraft:splash_potion":1,"minecraft:pumpkin":13,"minecraft:bone_meal":128,"minecraft:cobweb":26},"minecraft:custom":{"minecraft:interact_with_furnace":1,"minecraft:interact_with_anvil":1,"minecraft:interact_with_crafting_table":2,"minecraft:fill_cauldron":4,"minecraft:pot_flower":5,"minecraft:leave_game":3,"minecraft:time_since_death":111197,"minecraft:climb_one_cm":2764,"minecraft:time_since_rest":111230,"minecraft:sprint_one_cm":12523,"minecraft:damage_taken":665,"minecraft:walk_one_cm":206339,"minecraft:drop":1,"minecraft:damage_dealt":30,"minecraft:fly_one_cm":1423952,"minecraft:open_chest":2,"minecraft:crouch_one_cm":225,"minecraft:play_time":230898,"minecraft:deaths":2,"minecraft:sneak_time":2834,"minecraft:walk_under_water_one_cm":18778,"minecraft:interact_with_lectern":2,"minecraft:aviate_one_cm":137966,"minecraft:jump":370,"minecraft:walk_on_water_one_cm":11050,"minecraft:total_world_time":230898,"minecraft:use_cauldron":7,"minecraft:fall_one_cm":4342},"minecraft:crafted":{"minecraft:leather_chestplate":1},"minecraft:picked_up":{"minecraft:enchanting_table":1,"minecraft:purple_dye":1,"minecraft:nether_brick_fence":1,"minecraft:water_bucket":1,"minecraft:chiseled_bookshelf":1,"minecraft:diamond_sword":1,"minecraft:lily_pad":1,"minecraft:purple_stained_glass":1,"minecraft:cobblestone_stairs":1,"minecraft:oak_trapdoor":1,"minecraft:lantern":1,"minecraft:elytra":2,"minecraft:flint_and_steel":1,"minecraft:stone_bricks":1,"minecraft:small_dripleaf":1,"minecraft:wheat_seeds":1,"minecraft:cobblestone_slab":1,"minecraft:book":6,"minecraft:big_dripleaf":2,"minecraft:trident":1,"minecraft:grass_block":1,"minecraft:brewer_pottery_sherd":4,"minecraft:yellow_banner":1,"minecraft:rotten_flesh":2,"minecraft:command_block":2,"minecraft:diamond_chestplate":1,"minecraft:decorated_pot":4,"minecraft:writable_book":1,"minecraft:diamond_boots":4,"minecraft:bone_meal":1,"minecraft:glowstone":1,"minecraft:bookshelf":8,"minecraft:oak_sapling":1,"minecraft:netherrack":1,"minecraft:iron_bars":1,"minecraft:cobblestone":1,"minecraft:oxeye_daisy":6}},"DataVersion":3955}