{"stats":{"minecraft:picked_up":{"minecraft:rotten_flesh":1,"minecraft:oxeye_daisy":1},"minecraft:custom":{"minecraft:time_since_rest":75903,"minecraft:crouch_one_cm":50,"minecraft:sprint_one_cm":6903,"minecraft:play_time":75903,"minecraft:walk_one_cm":42250,"minecraft:sneak_time":1150,"minecraft:walk_under_water_one_cm":3455,"minecraft:aviate_one_cm":56135,"minecraft:jump":90,"minecraft:damage_dealt":10,"minecraft:leave_game":1,"minecraft:walk_on_water_one_cm":1179,"minecraft:time_since_death":75903,"minecraft:climb_one_cm":696,"minecraft:total_world_time":75903,"minecraft:fly_one_cm":688998},"minecraft:used":{"minecraft:oak_log":10,"minecraft:shroomlight":2,"minecraft:purple_stained_glass":64,"minecraft:torch":1,"minecraft:oak_trapdoor":49,"minecraft:dark_oak_stairs":9,"minecraft:dark_oak_planks":1,"minecraft:water_bucket":3,"minecraft:glowstone":34,"minecraft:bookshelf":28,"minecraft:mangrove_propagule":23,"minecraft:grass_block":9,"minecraft:spruce_stairs":27,"minecraft:nether_bricks":851,"minecraft:nether_brick_slab":121,"minecraft:spruce_planks":14,"minecraft:bone_meal":104,"minecraft:nether_brick_stairs":285,"minecraft:big_dripleaf":33,"minecraft:small_dripleaf":7,"minecraft:nether_brick_fence":56,"minecraft:oak_fence":8}},"DataVersion":3955}