{"stats":{"minecraft:custom":{"minecraft:time_since_rest":63903,"minecraft:crouch_one_cm":47,"minecraft:sprint_one_cm":6903,"minecraft:play_time":63903,"minecraft:walk_one_cm":41108,"minecraft:sneak_time":748,"minecraft:walk_under_water_one_cm":3368,"minecraft:aviate_one_cm":46854,"minecraft:jump":78,"minecraft:damage_dealt":10,"minecraft:leave_game":1,"minecraft:walk_on_water_one_cm":37,"minecraft:time_since_death":63903,"minecraft:climb_one_cm":72,"minecraft:total_world_time":63903,"minecraft:fly_one_cm":559704},"minecraft:used":{"minecraft:oak_log":10,"minecraft:shroomlight":2,"minecraft:purple_stained_glass":34,"minecraft:torch":1,"minecraft:oak_trapdoor":17,"minecraft:dark_oak_stairs":9,"minecraft:dark_oak_planks":1,"minecraft:water_bucket":3,"minecraft:glowstone":4,"minecraft:bookshelf":28,"minecraft:mangrove_propagule":19,"minecraft:grass_block":8,"minecraft:spruce_stairs":27,"minecraft:nether_bricks":851,"minecraft:nether_brick_slab":121,"minecraft:spruce_planks":14,"minecraft:bone_meal":85,"minecraft:nether_brick_stairs":285,"minecraft:nether_brick_fence":56,"minecraft:oak_fence":8}},"DataVersion":3955}