{"stats":{"minecraft:picked_up":{"minecraft:lantern":1},"minecraft:used":{"minecraft:spruce_slab":69,"minecraft:chain":5,"minecraft:lantern":6},"minecraft:custom":{"minecraft:jump":15,"minecraft:time_since_rest":5972,"minecraft:crouch_one_cm":6,"minecraft:sprint_one_cm":2418,"minecraft:play_time":5972,"minecraft:time_since_death":5972,"minecraft:walk_one_cm":12003,"minecraft:sneak_time":50,"minecraft:total_world_time":5972,"minecraft:fly_one_cm":12208,"minecraft:aviate_one_cm":80}},"DataVersion":3955}