{"stats":{"minecraft:picked_up":{"minecraft:big_dripleaf":1,"minecraft:rotten_flesh":1,"minecraft:oxeye_daisy":2},"minecraft:custom":{"minecraft:time_since_rest":105869,"minecraft:sprint_one_cm":9744,"minecraft:walk_one_cm":74098,"minecraft:damage_dealt":10,"minecraft:fly_one_cm":1024438,"minecraft:crouch_one_cm":79,"minecraft:play_time":105869,"minecraft:sneak_time":1713,"minecraft:walk_under_water_one_cm":18778,"minecraft:aviate_one_cm":72581,"minecraft:jump":157,"minecraft:leave_game":1,"minecraft:time_since_death":105869,"minecraft:walk_on_water_one_cm":10968,"minecraft:total_world_time":105869,"minecraft:climb_one_cm":2749},"minecraft:used":{"minecraft:big_dripleaf":69,"minecraft:shroomlight":2,"minecraft:oak_log":10,"minecraft:oak_fence":8,"minecraft:oak_trapdoor":49,"minecraft:dark_oak_stairs":9,"minecraft:dark_oak_planks":1,"minecraft:nether_brick_fence":60,"minecraft:water_bucket":3,"minecraft:iron_bars":2,"minecraft:bookshelf":48,"minecraft:cobblestone_stairs":23,"minecraft:flint_and_steel":4,"minecraft:mangrove_propagule":23,"minecraft:lantern":2,"minecraft:grass_block":9,"minecraft:blue_orchid":36,"minecraft:slime_block":14,"minecraft:spruce_planks":16,"minecraft:cauldron":4,"minecraft:cobblestone_slab":2,"minecraft:netherrack":2,"minecraft:torch":1,"minecraft:glowstone":34,"minecraft:magma_block":4,"minecraft:cobblestone":30,"minecraft:spruce_stairs":27,"minecraft:nether_bricks":851,"minecraft:nether_brick_slab":123,"minecraft:campfire":2,"minecraft:nether_brick_stairs":291,"minecraft:bone_meal":128,"minecraft:purple_stained_glass":64,"minecraft:small_dripleaf":7,"minecraft:azalea":16}},"DataVersion":3955}