{"stats":{"minecraft:killed_by":{"minecraft:player":1},"minecraft:dropped":{"minecraft:purple_dye":1},"minecraft:used":{"minecraft:azalea":16,"minecraft:oak_trapdoor":95,"minecraft:oak_fence":8,"minecraft:chiseled_bookshelf":7,"minecraft:dark_oak_stairs":9,"minecraft:nether_brick_fence":60,"minecraft:water_bucket":7,"minecraft:writable_book":1,"minecraft:iron_bars":5,"minecraft:cobblestone_stairs":29,"minecraft:spruce_door":2,"minecraft:flint_and_steel":4,"minecraft:carved_pumpkin":1,"minecraft:suspicious_sand":1,"minecraft:elytra":1,"minecraft:chest":5,"minecraft:decorated_pot":12,"minecraft:spruce_planks":25,"minecraft:brewer_pottery_sherd":4,"minecraft:cauldron":13,"minecraft:cobblestone_slab":2,"minecraft:netherrack":3,"minecraft:glow_item_frame":1,"minecraft:torch":1,"minecraft:brewing_stand":6,"minecraft:oak_slab":17,"minecraft:tnt":3,"minecraft:crafting_table":1,"minecraft:spruce_stairs":27,"minecraft:nether_bricks":1016,"minecraft:blast_furnace":1,"minecraft:nether_brick_slab":123,"minecraft:campfire":15,"minecraft:exposed_copper_door":2,"minecraft:nether_brick_stairs":291,"minecraft:book":33,"minecraft:small_dripleaf":7,"minecraft:shroomlight":2,"minecraft:oak_log":23,"minecraft:big_dripleaf":69,"minecraft:purple_banner":2,"minecraft:purple_stained_glass":64,"minecraft:dark_oak_planks":2,"minecraft:flower_pot":4,"minecraft:firework_rocket":7,"minecraft:bookshelf":79,"minecraft:mangrove_door":2,"minecraft:crying_obsidian":11,"minecraft:blue_orchid":36,"minecraft:oak_stairs":37,"minecraft:lantern":31,"minecraft:grass_block":9,"minecraft:mangrove_propagule":23,"minecraft:slime_block":14,"minecraft:lectern":3,"minecraft:spruce_trapdoor":28,"minecraft:soul_lantern":38,"minecraft:glowstone":35,"minecraft:cobblestone":80,"minecraft:magma_block":4,"minecraft:potion":7,"minecraft:furnace":7,"minecraft:chain":9,"minecraft:skeleton_skull":1,"minecraft:purple_carpet":35,"minecraft:splash_potion":1,"minecraft:pumpkin":13,"minecraft:bone_meal":128,"minecraft:cobweb":3},"minecraft:custom":{"minecraft:interact_with_furnace":1,"minecraft:interact_with_crafting_table":1,"minecraft:fill_cauldron":4,"minecraft:pot_flower":3,"minecraft:leave_game":3,"minecraft:time_since_death":69197,"minecraft:climb_one_cm":2764,"minecraft:time_since_rest":69230,"minecraft:sprint_one_cm":12378,"minecraft:damage_taken":665,"minecraft:walk_one_cm":141015,"minecraft:drop":1,"minecraft:damage_dealt":10,"minecraft:fly_one_cm":1390298,"minecraft:open_chest":2,"minecraft:crouch_one_cm":137,"minecraft:play_time":188898,"minecraft:deaths":2,"minecraft:sneak_time":2418,"minecraft:walk_under_water_one_cm":18778,"minecraft:interact_with_lectern":1,"minecraft:aviate_one_cm":137913,"minecraft:jump":300,"minecraft:walk_on_water_one_cm":11050,"minecraft:total_world_time":188898,"minecraft:use_cauldron":7,"minecraft:fall_one_cm":4342},"minecraft:picked_up":{"minecraft:enchanting_table":1,"minecraft:purple_dye":1,"minecraft:nether_brick_fence":1,"minecraft:water_bucket":1,"minecraft:chiseled_bookshelf":1,"minecraft:diamond_sword":1,"minecraft:lily_pad":1,"minecraft:purple_stained_glass":1,"minecraft:cobblestone_stairs":1,"minecraft:oak_trapdoor":1,"minecraft:lantern":1,"minecraft:elytra":2,"minecraft:flint_and_steel":1,"minecraft:stone_bricks":1,"minecraft:small_dripleaf":1,"minecraft:wheat_seeds":1,"minecraft:cobblestone_slab":1,"minecraft:book":6,"minecraft:big_dripleaf":2,"minecraft:trident":1,"minecraft:grass_block":1,"minecraft:brewer_pottery_sherd":4,"minecraft:yellow_banner":1,"minecraft:rotten_flesh":2,"minecraft:command_block":2,"minecraft:diamond_chestplate":1,"minecraft:decorated_pot":4,"minecraft:writable_book":1,"minecraft:diamond_boots":4,"minecraft:bone_meal":1,"minecraft:glowstone":1,"minecraft:bookshelf":8,"minecraft:oak_sapling":1,"minecraft:netherrack":1,"minecraft:iron_bars":1,"minecraft:cobblestone":1,"minecraft:oxeye_daisy":6}},"DataVersion":3955}