{"stats":{"minecraft:killed_by":{"minecraft:player":1},"minecraft:used":{"minecraft:big_dripleaf":69,"minecraft:purple_stained_glass":64,"minecraft:oak_fence":8,"minecraft:oak_trapdoor":60,"minecraft:dark_oak_stairs":9,"minecraft:dark_oak_planks":1,"minecraft:nether_brick_fence":60,"minecraft:water_bucket":3,"minecraft:firework_rocket":7,"minecraft:iron_bars":2,"minecraft:cobblestone_stairs":29,"minecraft:bookshelf":64,"minecraft:flint_and_steel":4,"minecraft:oak_stairs":34,"minecraft:mangrove_propagule":23,"minecraft:lantern":8,"minecraft:grass_block":9,"minecraft:blue_orchid":36,"minecraft:slime_block":14,"minecraft:elytra":1,"minecraft:spruce_planks":21,"minecraft:spruce_trapdoor":28,"minecraft:cauldron":7,"minecraft:cobblestone_slab":2,"minecraft:netherrack":2,"minecraft:brewing_stand":6,"minecraft:magma_block":4,"minecraft:torch":1,"minecraft:glowstone":34,"minecraft:cobblestone":80,"minecraft:oak_slab":12,"minecraft:tnt":3,"minecraft:nether_bricks":852,"minecraft:spruce_stairs":27,"minecraft:chain":4,"minecraft:campfire":8,"minecraft:nether_brick_slab":123,"minecraft:bone_meal":128,"minecraft:azalea":16,"minecraft:nether_brick_stairs":291,"minecraft:oak_log":23,"minecraft:shroomlight":2,"minecraft:small_dripleaf":7},"minecraft:custom":{"minecraft:time_since_rest":11859,"minecraft:sprint_one_cm":11976,"minecraft:damage_taken":665,"minecraft:walk_one_cm":95766,"minecraft:damage_dealt":10,"minecraft:fly_one_cm":1309038,"minecraft:crouch_one_cm":94,"minecraft:play_time":131527,"minecraft:deaths":2,"minecraft:sneak_time":2027,"minecraft:walk_under_water_one_cm":18778,"minecraft:aviate_one_cm":136834,"minecraft:jump":218,"minecraft:leave_game":2,"minecraft:walk_on_water_one_cm":11050,"minecraft:time_since_death":11826,"minecraft:climb_one_cm":2749,"minecraft:total_world_time":131527,"minecraft:fall_one_cm":4342},"minecraft:picked_up":{"minecraft:enchanting_table":1,"minecraft:nether_brick_fence":1,"minecraft:water_bucket":1,"minecraft:big_dripleaf":2,"minecraft:diamond_sword":1,"minecraft:lily_pad":1,"minecraft:grass_block":1,"minecraft:purple_stained_glass":1,"minecraft:trident":1,"minecraft:cobblestone_stairs":1,"minecraft:oak_trapdoor":1,"minecraft:elytra":2,"minecraft:lantern":1,"minecraft:yellow_banner":1,"minecraft:flint_and_steel":1,"minecraft:diamond_chestplate":1,"minecraft:command_block":2,"minecraft:rotten_flesh":2,"minecraft:stone_bricks":1,"minecraft:wheat_seeds":1,"minecraft:small_dripleaf":1,"minecraft:diamond_boots":4,"minecraft:bookshelf":1,"minecraft:bone_meal":1,"minecraft:glowstone":1,"minecraft:cobblestone_slab":1,"minecraft:oak_sapling":1,"minecraft:netherrack":1,"minecraft:iron_bars":1,"minecraft:cobblestone":1,"minecraft:oxeye_daisy":6}},"DataVersion":3955}