{"stats":{"minecraft:picked_up":{"minecraft:rotten_flesh":1,"minecraft:big_dripleaf":1,"minecraft:oxeye_daisy":2},"minecraft:custom":{"minecraft:time_since_rest":93869,"minecraft:crouch_one_cm":70,"minecraft:play_time":93869,"minecraft:sprint_one_cm":8931,"minecraft:walk_one_cm":57165,"minecraft:sneak_time":1562,"minecraft:walk_under_water_one_cm":13334,"minecraft:aviate_one_cm":68328,"minecraft:jump":131,"minecraft:damage_dealt":10,"minecraft:leave_game":1,"minecraft:walk_on_water_one_cm":6709,"minecraft:time_since_death":93869,"minecraft:climb_one_cm":2749,"minecraft:total_world_time":93869,"minecraft:fly_one_cm":969746},"minecraft:used":{"minecraft:big_dripleaf":69,"minecraft:shroomlight":2,"minecraft:oak_log":10,"minecraft:water_bucket":3,"minecraft:oak_trapdoor":49,"minecraft:nether_brick_fence":60,"minecraft:dark_oak_planks":1,"minecraft:torch":1,"minecraft:glowstone":34,"minecraft:bookshelf":28,"minecraft:blue_orchid":36,"minecraft:grass_block":9,"minecraft:mangrove_propagule":23,"minecraft:nether_bricks":851,"minecraft:spruce_stairs":27,"minecraft:slime_block":14,"minecraft:nether_brick_slab":123,"minecraft:spruce_planks":16,"minecraft:azalea":16,"minecraft:bone_meal":116,"minecraft:nether_brick_stairs":291,"minecraft:dark_oak_stairs":9,"minecraft:small_dripleaf":7,"minecraft:oak_fence":8,"minecraft:purple_stained_glass":64}},"DataVersion":3955}