{"stats":{"minecraft:killed_by":{"minecraft:player":1},"minecraft:used":{"minecraft:azalea":16,"minecraft:oak_trapdoor":80,"minecraft:oak_fence":8,"minecraft:dark_oak_stairs":9,"minecraft:nether_brick_fence":60,"minecraft:water_bucket":3,"minecraft:iron_bars":5,"minecraft:cobblestone_stairs":29,"minecraft:flint_and_steel":4,"minecraft:elytra":1,"minecraft:spruce_planks":24,"minecraft:cauldron":11,"minecraft:cobblestone_slab":2,"minecraft:netherrack":3,"minecraft:torch":1,"minecraft:brewing_stand":6,"minecraft:tnt":3,"minecraft:oak_slab":17,"minecraft:crafting_table":1,"minecraft:spruce_stairs":27,"minecraft:nether_bricks":852,"minecraft:nether_brick_slab":123,"minecraft:campfire":15,"minecraft:nether_brick_stairs":291,"minecraft:small_dripleaf":7,"minecraft:shroomlight":2,"minecraft:oak_log":23,"minecraft:big_dripleaf":69,"minecraft:purple_banner":2,"minecraft:purple_stained_glass":64,"minecraft:dark_oak_planks":1,"minecraft:firework_rocket":7,"minecraft:bookshelf":65,"minecraft:crying_obsidian":1,"minecraft:blue_orchid":36,"minecraft:grass_block":9,"minecraft:lantern":21,"minecraft:mangrove_propagule":23,"minecraft:oak_stairs":34,"minecraft:slime_block":14,"minecraft:spruce_trapdoor":28,"minecraft:glowstone":35,"minecraft:cobblestone":80,"minecraft:magma_block":4,"minecraft:furnace":7,"minecraft:chain":9,"minecraft:purple_carpet":32,"minecraft:bone_meal":128},"minecraft:custom":{"minecraft:leave_game":3,"minecraft:time_since_death":21230,"minecraft:climb_one_cm":2749,"minecraft:time_since_rest":21263,"minecraft:sprint_one_cm":12312,"minecraft:damage_taken":665,"minecraft:walk_one_cm":106891,"minecraft:damage_dealt":10,"minecraft:fly_one_cm":1335177,"minecraft:crouch_one_cm":94,"minecraft:play_time":140931,"minecraft:deaths":2,"minecraft:sneak_time":2085,"minecraft:walk_under_water_one_cm":18778,"minecraft:aviate_one_cm":136965,"minecraft:jump":240,"minecraft:walk_on_water_one_cm":11050,"minecraft:total_world_time":140931,"minecraft:fall_one_cm":4342},"minecraft:picked_up":{"minecraft:enchanting_table":1,"minecraft:nether_brick_fence":1,"minecraft:water_bucket":1,"minecraft:diamond_sword":1,"minecraft:lily_pad":1,"minecraft:purple_stained_glass":1,"minecraft:cobblestone_stairs":1,"minecraft:oak_trapdoor":1,"minecraft:lantern":1,"minecraft:elytra":2,"minecraft:flint_and_steel":1,"minecraft:stone_bricks":1,"minecraft:small_dripleaf":1,"minecraft:wheat_seeds":1,"minecraft:cobblestone_slab":1,"minecraft:big_dripleaf":2,"minecraft:trident":1,"minecraft:grass_block":1,"minecraft:yellow_banner":1,"minecraft:rotten_flesh":2,"minecraft:command_block":2,"minecraft:diamond_chestplate":1,"minecraft:diamond_boots":4,"minecraft:bone_meal":1,"minecraft:glowstone":1,"minecraft:bookshelf":1,"minecraft:oak_sapling":1,"minecraft:netherrack":1,"minecraft:iron_bars":1,"minecraft:cobblestone":1,"minecraft:oxeye_daisy":6}},"DataVersion":3955}