{"stats":{"minecraft:killed_by":{"minecraft:player":1},"minecraft:used":{"minecraft:azalea":16,"minecraft:oak_trapdoor":97,"minecraft:oak_fence":8,"minecraft:chiseled_bookshelf":7,"minecraft:dark_oak_stairs":9,"minecraft:nether_brick_fence":60,"minecraft:water_bucket":7,"minecraft:netherite_sword":6,"minecraft:writable_book":8,"minecraft:iron_bars":5,"minecraft:cobblestone_stairs":29,"minecraft:spruce_door":2,"minecraft:wither_skeleton_skull":1,"minecraft:flint_and_steel":4,"minecraft:carved_pumpkin":1,"minecraft:armor_stand":2,"minecraft:spruce_slab":18,"minecraft:redstone":2,"minecraft:suspicious_sand":12,"minecraft:elytra":1,"minecraft:chest":9,"minecraft:decorated_pot":12,"minecraft:spruce_planks":25,"minecraft:brewer_pottery_sherd":4,"minecraft:spruce_sign":2,"minecraft:cauldron":14,"minecraft:polished_blackstone_wall":56,"minecraft:cobblestone_slab":2,"minecraft:netherrack":3,"minecraft:glow_item_frame":1,"minecraft:torch":3,"minecraft:brewing_stand":7,"minecraft:soul_sand":9,"minecraft:anvil":2,"minecraft:oak_slab":17,"minecraft:tnt":3,"minecraft:crafting_table":1,"minecraft:spruce_stairs":41,"minecraft:nether_bricks":1021,"minecraft:blast_furnace":1,"minecraft:nether_brick_slab":123,"minecraft:campfire":15,"minecraft:exposed_copper_door":2,"minecraft:deepslate_lapis_ore":3,"minecraft:nether_brick_stairs":291,"minecraft:redstone_torch":4,"minecraft:book":33,"minecraft:small_dripleaf":7,"minecraft:shroomlight":7,"minecraft:oak_log":23,"minecraft:big_dripleaf":69,"minecraft:purple_banner":2,"minecraft:purple_stained_glass":66,"minecraft:polished_blackstone_slab":13,"minecraft:amethyst_cluster":2,"minecraft:lever":3,"minecraft:dark_oak_planks":2,"minecraft:flower_pot":9,"minecraft:sea_lantern":3,"minecraft:firework_rocket":315,"minecraft:bookshelf":79,"minecraft:mangrove_door":2,"minecraft:crying_obsidian":30,"minecraft:blue_orchid":36,"minecraft:oak_stairs":37,"minecraft:lantern":33,"minecraft:grass_block":72,"minecraft:mangrove_propagule":23,"minecraft:slime_block":14,"minecraft:lectern":4,"minecraft:dark_oak_slab":62,"minecraft:spruce_trapdoor":36,"minecraft:waxed_exposed_copper_bulb":1,"minecraft:barrel":4,"minecraft:soul_lantern":44,"minecraft:spruce_hanging_sign":1,"minecraft:glowstone":36,"minecraft:cobblestone":80,"minecraft:magma_block":4,"minecraft:potion":7,"minecraft:written_book":13,"minecraft:furnace":7,"minecraft:medium_amethyst_bud":1,"minecraft:chain":9,"minecraft:glass_pane":13,"minecraft:skeleton_skull":3,"minecraft:sculk_vein":145,"minecraft:polished_blackstone_stairs":17,"minecraft:purple_carpet":35,"minecraft:splash_potion":1,"minecraft:pumpkin":13,"minecraft:bone_meal":128,"minecraft:cobweb":26},"minecraft:dropped":{"minecraft:enchanted_book":1,"minecraft:purple_dye":1,"minecraft:purple_stained_glass":1},"minecraft:custom":{"minecraft:interact_with_furnace":1,"minecraft:mob_kills":2,"minecraft:interact_with_anvil":5,"minecraft:interact_with_crafting_table":2,"minecraft:fill_cauldron":4,"minecraft:pot_flower":5,"minecraft:leave_game":4,"minecraft:time_since_death":228119,"minecraft:climb_one_cm":3543,"minecraft:time_since_rest":228152,"minecraft:sprint_one_cm":13284,"minecraft:damage_taken":665,"minecraft:walk_one_cm":293565,"minecraft:drop":3,"minecraft:damage_dealt":410,"minecraft:fly_one_cm":1677543,"minecraft:open_chest":2,"minecraft:crouch_one_cm":228,"minecraft:play_time":347820,"minecraft:deaths":2,"minecraft:sneak_time":3034,"minecraft:walk_under_water_one_cm":29937,"minecraft:interact_with_lectern":5,"minecraft:aviate_one_cm":1399919,"minecraft:jump":507,"minecraft:walk_on_water_one_cm":21484,"minecraft:total_world_time":347820,"minecraft:use_cauldron":7,"minecraft:fall_one_cm":4342},"minecraft:killed":{"minecraft:creeper":1,"minecraft:skeleton":1},"minecraft:crafted":{"minecraft:leather_chestplate":1},"minecraft:picked_up":{"minecraft:enchanting_table":2,"minecraft:purple_dye":1,"minecraft:nether_brick_fence":2,"minecraft:water_bucket":2,"minecraft:chiseled_bookshelf":1,"minecraft:diamond_sword":2,"minecraft:enchanted_book":1,"minecraft:lily_pad":2,"minecraft:purple_stained_glass":3,"minecraft:cobblestone_stairs":2,"minecraft:oak_trapdoor":2,"minecraft:lantern":2,"minecraft:elytra":4,"minecraft:flint_and_steel":2,"minecraft:bone":2,"minecraft:stone_bricks":2,"minecraft:bow":1,"minecraft:small_dripleaf":2,"minecraft:wheat_seeds":2,"minecraft:spruce_planks":1,"minecraft:written_book":1,"minecraft:cobblestone_slab":2,"minecraft:book":6,"minecraft:big_dripleaf":3,"minecraft:torch":3,"minecraft:trident":2,"minecraft:grass_block":2,"minecraft:brewer_pottery_sherd":4,"minecraft:yellow_banner":2,"minecraft:tnt":1,"minecraft:arrow":2,"minecraft:rotten_flesh":3,"minecraft:command_block":4,"minecraft:diamond_chestplate":2,"minecraft:campfire":1,"minecraft:decorated_pot":4,"minecraft:writable_book":1,"minecraft:diamond_boots":8,"minecraft:bone_meal":2,"minecraft:glowstone":2,"minecraft:bookshelf":9,"minecraft:oak_sapling":2,"minecraft:netherrack":1,"minecraft:iron_bars":1,"minecraft:cobblestone":2,"minecraft:oxeye_daisy":10}},"DataVersion":3955}