{"stats":{"minecraft:custom":{"minecraft:time_since_rest":39903,"minecraft:crouch_one_cm":3,"minecraft:sprint_one_cm":3319,"minecraft:play_time":39903,"minecraft:walk_one_cm":24911,"minecraft:sneak_time":332,"minecraft:aviate_one_cm":31316,"minecraft:jump":37,"minecraft:damage_dealt":10,"minecraft:leave_game":1,"minecraft:time_since_death":39903,"minecraft:total_world_time":39903,"minecraft:fly_one_cm":277702},"minecraft:used":{"minecraft:oak_log":10,"minecraft:shroomlight":2,"minecraft:purple_stained_glass":6,"minecraft:oak_trapdoor":17,"minecraft:dark_oak_stairs":9,"minecraft:dark_oak_planks":1,"minecraft:water_bucket":3,"minecraft:glowstone":4,"minecraft:bookshelf":28,"minecraft:grass_block":7,"minecraft:spruce_stairs":27,"minecraft:nether_bricks":851,"minecraft:nether_brick_slab":88,"minecraft:nether_brick_stairs":242}},"DataVersion":3955}