{"stats":{"minecraft:picked_up":{"minecraft:rotten_flesh":1,"minecraft:oxeye_daisy":1},"minecraft:custom":{"minecraft:time_since_rest":81869,"minecraft:crouch_one_cm":50,"minecraft:play_time":81869,"minecraft:sprint_one_cm":8791,"minecraft:walk_one_cm":55240,"minecraft:sneak_time":1188,"minecraft:walk_under_water_one_cm":3455,"minecraft:aviate_one_cm":63553,"minecraft:jump":119,"minecraft:damage_dealt":10,"minecraft:leave_game":1,"minecraft:walk_on_water_one_cm":1179,"minecraft:time_since_death":81869,"minecraft:climb_one_cm":2500,"minecraft:total_world_time":81869,"minecraft:fly_one_cm":763396},"minecraft:used":{"minecraft:big_dripleaf":33,"minecraft:shroomlight":2,"minecraft:oak_log":10,"minecraft:water_bucket":3,"minecraft:oak_trapdoor":49,"minecraft:nether_brick_fence":56,"minecraft:dark_oak_planks":1,"minecraft:torch":1,"minecraft:glowstone":34,"minecraft:bookshelf":28,"minecraft:grass_block":9,"minecraft:mangrove_propagule":23,"minecraft:nether_bricks":851,"minecraft:spruce_stairs":27,"minecraft:nether_brick_slab":121,"minecraft:spruce_planks":14,"minecraft:bone_meal":104,"minecraft:nether_brick_stairs":285,"minecraft:dark_oak_stairs":9,"minecraft:small_dripleaf":7,"minecraft:oak_fence":8,"minecraft:purple_stained_glass":64}},"DataVersion":3955}