{"stats":{"minecraft:custom":{"minecraft:time_since_rest":51903,"minecraft:crouch_one_cm":3,"minecraft:sprint_one_cm":4763,"minecraft:play_time":51903,"minecraft:walk_one_cm":34758,"minecraft:sneak_time":491,"minecraft:walk_under_water_one_cm":3368,"minecraft:aviate_one_cm":36226,"minecraft:jump":53,"minecraft:damage_dealt":10,"minecraft:leave_game":1,"minecraft:time_since_death":51903,"minecraft:total_world_time":51903,"minecraft:fly_one_cm":372886},"minecraft:used":{"minecraft:oak_log":10,"minecraft:shroomlight":2,"minecraft:purple_stained_glass":34,"minecraft:torch":1,"minecraft:oak_trapdoor":17,"minecraft:dark_oak_stairs":9,"minecraft:dark_oak_planks":1,"minecraft:water_bucket":3,"minecraft:glowstone":4,"minecraft:bookshelf":28,"minecraft:grass_block":7,"minecraft:spruce_stairs":27,"minecraft:nether_bricks":851,"minecraft:nether_brick_slab":120,"minecraft:spruce_planks":14,"minecraft:nether_brick_stairs":280,"minecraft:nether_brick_fence":40,"minecraft:oak_fence":8}},"DataVersion":3955}