{"stats":{"minecraft:picked_up":{"minecraft:ominous_bottle":1,"minecraft:anvil":2,"minecraft:pig_spawn_egg":2,"minecraft:diamond_sword":2,"minecraft:enchanted_book":18,"minecraft:trident":2,"minecraft:wind_charge":3,"minecraft:yellow_banner":4,"minecraft:command_block":4,"minecraft:bow":1,"minecraft:wheat_seeds":1,"minecraft:bell":1,"minecraft:diamond_boots":12,"minecraft:trial_key":1,"minecraft:written_book":1,"minecraft:diamond_helmet":2,"minecraft:oak_sapling":1,"minecraft:spruce_trapdoor":1,"minecraft:oxeye_daisy":2},"minecraft:used":{"minecraft:diorite_stairs":7,"minecraft:polished_tuff":5,"minecraft:waxed_oxidized_copper_door":1,"minecraft:waxed_exposed_copper_door":2,"minecraft:quartz_bricks":8,"minecraft:dark_oak_planks":206,"minecraft:water_bucket":1,"minecraft:waxed_oxidized_copper_grate":2,"minecraft:enchanting_table":1,"minecraft:diamond_boots":1,"minecraft:firework_rocket":572,"minecraft:chiseled_tuff":3,"minecraft:grass_block":259,"minecraft:spruce_slab":471,"minecraft:elytra":1,"minecraft:polished_andesite":25,"minecraft:packed_mud":10,"minecraft:pig_spawn_egg":1,"minecraft:quartz_block":39,"minecraft:spruce_planks":300,"minecraft:stone":29,"minecraft:polished_granite":8,"minecraft:spruce_trapdoor":1,"minecraft:smooth_quartz":301,"minecraft:bell":11,"minecraft:stone_bricks":1228,"minecraft:stone_brick_stairs":21,"minecraft:deepslate_bricks":2,"minecraft:trial_key":1,"minecraft:waxed_exposed_copper":4,"minecraft:diamond_sword":1,"minecraft:anvil":5,"minecraft:bow":3,"minecraft:nether_bricks":49,"minecraft:spruce_stairs":419,"minecraft:oak_wood":13,"minecraft:chain":8,"minecraft:smooth_stone_slab":4,"minecraft:waxed_oxidized_copper_bulb":2,"minecraft:spruce_fence":6,"minecraft:spruce_log":4,"minecraft:smooth_stone":32,"minecraft:oak_log":78,"minecraft:polished_diorite":10},"minecraft:custom":{"minecraft:time_since_rest":304060,"minecraft:sprint_one_cm":30868,"minecraft:damage_taken":942,"minecraft:walk_one_cm":224269,"minecraft:interact_with_anvil":7,"minecraft:drop":16,"minecraft:damage_dealt":56,"minecraft:swim_one_cm":486,"minecraft:talked_to_villager":1,"minecraft:fly_one_cm":3911874,"minecraft:open_chest":4,"minecraft:crouch_one_cm":50,"minecraft:play_time":331877,"minecraft:deaths":3,"minecraft:sneak_time":4096,"minecraft:walk_under_water_one_cm":42798,"minecraft:aviate_one_cm":3816531,"minecraft:jump":620,"minecraft:leave_game":3,"minecraft:walk_on_water_one_cm":4402,"minecraft:time_since_death":303790,"minecraft:sleep_in_bed":1,"minecraft:enchant_item":11,"minecraft:climb_one_cm":1924,"minecraft:total_world_time":331877,"minecraft:fall_one_cm":7115},"minecraft:killed_by":{"minecraft:player":3},"minecraft:dropped":{"minecraft:spruce_trapdoor":1,"minecraft:quartz_block":1,"minecraft:smooth_sandstone_stairs":1,"minecraft:poisonous_potato":10,"minecraft:command_block":4,"minecraft:firework_rocket":1}},"DataVersion":3955}