{"minecraft:recipes/decorations/crafting_table":{"criteria":{"unlock_right_away":"2024-09-30 12:14:48 +0000"},"done":true},"minecraft:adventure/adventuring_time":{"criteria":{"minecraft:deep_cold_ocean":"2024-10-07 10:58:47 +0000","minecraft:frozen_river":"2024-10-07 11:01:51 +0000","minecraft:forest":"2024-10-07 11:00:13 +0000","minecraft:taiga":"2024-09-30 12:14:49 +0000","minecraft:river":"2024-09-30 12:15:11 +0000","minecraft:grove":"2024-10-07 10:58:26 +0000","minecraft:meadow":"2024-09-30 12:15:24 +0000","minecraft:windswept_hills":"2024-10-07 11:01:06 +0000","minecraft:dripstone_caves":"2024-10-07 11:00:54 +0000","minecraft:snowy_taiga":"2024-10-07 11:01:31 +0000","minecraft:jagged_peaks":"2024-10-07 10:58:27 +0000"},"done":false},"eroxified2:item.throwable/stopsound/lingering_potion":{"criteria":{"requirement":"2024-10-03 18:25:23 +0000"},"done":true},"automaticons:progression/root":{"criteria":{"requirement":"2024-10-03 18:25:23 +0000"},"done":true},"mcpaint:guide/root":{"criteria":{"requirement":"2024-10-03 18:26:26 +0000"},"done":true},"minecraft:recipes/redstone/redstone_torch":{"criteria":{"has_redstone":"2024-10-07 10:55:06 +0000"},"done":true},"minecraft:recipes/tools/clock":{"criteria":{"has_redstone":"2024-10-07 10:55:06 +0000"},"done":true},"minecraft:recipes/redstone/dropper":{"criteria":{"has_redstone":"2024-10-07 10:55:06 +0000"},"done":true},"minecraft:recipes/redstone/redstone_block":{"criteria":{"has_redstone":"2024-10-07 10:55:06 +0000"},"done":true},"minecraft:recipes/redstone/note_block":{"criteria":{"has_redstone":"2024-10-07 10:55:06 +0000"},"done":true},"minecraft:recipes/redstone/target":{"criteria":{"has_redstone":"2024-10-07 10:55:06 +0000"},"done":true},"minecraft:recipes/tools/compass":{"criteria":{"has_redstone":"2024-10-07 10:55:06 +0000"},"done":true},"minecraft:recipes/redstone/piston":{"criteria":{"has_redstone":"2024-10-07 10:55:06 +0000"},"done":true},"minecraft:recipes/decorations/lime_glazed_terracotta":{"criteria":{"has_lime_terracotta":"2024-10-07 11:02:53 +0000"},"done":true},"minecraft:recipes/building_blocks/emerald_block":{"criteria":{"has_emerald":"2024-10-07 11:03:34 +0000"},"done":true},"minecraft:recipes/decorations/snow":{"criteria":{"has_snowball":"2024-10-07 11:03:39 +0000"},"done":true},"minecraft:recipes/building_blocks/snow_block":{"criteria":{"has_snowball":"2024-10-07 11:03:39 +0000"},"done":true},"minecraft:recipes/brewing/cauldron":{"criteria":{"has_water_bucket":"2024-10-07 11:08:12 +0000"},"done":true},"mcpaint:recipe_unlock/paint_bucket":{"criteria":{"has_ingredients":"2024-10-07 11:08:13 +0000"},"done":true},"minecraft:recipes/misc/book":{"criteria":{"has_paper":"2024-10-07 11:16:01 +0000"},"done":true},"minecraft:recipes/decorations/cartography_table":{"criteria":{"has_paper":"2024-10-07 11:16:01 +0000"},"done":true},"eroxified2:core/installed_packs":{"criteria":{"requirement":"2024-10-07 14:57:35 +0000"},"done":true},"eroxified2:core/success":{"criteria":{"requirement":"2024-10-07 14:57:35 +0000"},"done":true},"mcpaint:installed":{"criteria":{"requirement":"2024-10-07 14:57:35 +0000"},"done":true},"eroxified2:core/root":{"criteria":{"requirement":"2024-10-07 14:57:35 +0000"},"done":true},"eroxified2:core/links":{"criteria":{"requirement":"2024-10-07 14:57:35 +0000"},"done":true},"eroxified2:core/info":{"criteria":{"requirement":"2024-10-07 14:57:35 +0000"},"done":true},"minecraft:recipes/decorations/chest":{"criteria":{"has_lots_of_items":"2024-10-07 14:58:59 +0000"},"done":true},"minecraft:recipes/redstone/repeater":{"criteria":{"has_redstone_torch":"2024-10-07 15:05:01 +0000"},"done":true},"DataVersion":3955}