{"minecraft:recipes/decorations/crafting_table":{"criteria":{"unlock_right_away":"2024-09-30 12:14:48 +0000"},"done":true},"minecraft:adventure/adventuring_time":{"criteria":{"minecraft:deep_cold_ocean":"2024-10-07 10:58:47 +0000","minecraft:taiga":"2024-09-30 12:14:49 +0000","minecraft:river":"2024-09-30 12:15:11 +0000","minecraft:grove":"2024-10-07 10:58:26 +0000","minecraft:meadow":"2024-09-30 12:15:24 +0000","minecraft:jagged_peaks":"2024-10-07 10:58:27 +0000"},"done":false},"eroxified2:item.throwable/stopsound/lingering_potion":{"criteria":{"requirement":"2024-10-03 18:25:23 +0000"},"done":true},"automaticons:progression/root":{"criteria":{"requirement":"2024-10-03 18:25:23 +0000"},"done":true},"mcpaint:guide/root":{"criteria":{"requirement":"2024-10-03 18:26:26 +0000"},"done":true},"eroxified2:core/installed_packs":{"criteria":{"requirement":"2024-10-07 10:54:51 +0000"},"done":true},"eroxified2:core/success":{"criteria":{"requirement":"2024-10-07 10:54:51 +0000"},"done":true},"mcpaint:installed":{"criteria":{"requirement":"2024-10-07 10:54:51 +0000"},"done":true},"eroxified2:core/root":{"criteria":{"requirement":"2024-10-07 10:54:51 +0000"},"done":true},"eroxified2:core/links":{"criteria":{"requirement":"2024-10-07 10:54:51 +0000"},"done":true},"eroxified2:core/info":{"criteria":{"requirement":"2024-10-07 10:54:51 +0000"},"done":true},"minecraft:recipes/redstone/redstone_torch":{"criteria":{"has_redstone":"2024-10-07 10:55:06 +0000"},"done":true},"minecraft:recipes/tools/clock":{"criteria":{"has_redstone":"2024-10-07 10:55:06 +0000"},"done":true},"minecraft:recipes/redstone/dropper":{"criteria":{"has_redstone":"2024-10-07 10:55:06 +0000"},"done":true},"minecraft:recipes/redstone/redstone_block":{"criteria":{"has_redstone":"2024-10-07 10:55:06 +0000"},"done":true},"minecraft:recipes/redstone/note_block":{"criteria":{"has_redstone":"2024-10-07 10:55:06 +0000"},"done":true},"minecraft:recipes/redstone/target":{"criteria":{"has_redstone":"2024-10-07 10:55:06 +0000"},"done":true},"minecraft:recipes/tools/compass":{"criteria":{"has_redstone":"2024-10-07 10:55:06 +0000"},"done":true},"minecraft:recipes/redstone/piston":{"criteria":{"has_redstone":"2024-10-07 10:55:06 +0000"},"done":true},"DataVersion":3955}