{"minecraft:recipes/decorations/crafting_table":{"criteria":{"unlock_right_away":"2024-09-30 12:14:48 +0000"},"done":true},"minecraft:adventure/adventuring_time":{"criteria":{"minecraft:taiga":"2024-09-30 12:14:49 +0000","minecraft:river":"2024-09-30 12:15:11 +0000","minecraft:meadow":"2024-09-30 12:15:24 +0000"},"done":false},"eroxified2:item.throwable/stopsound/lingering_potion":{"criteria":{"requirement":"2024-10-03 18:25:23 +0000"},"done":true},"automaticons:progression/root":{"criteria":{"requirement":"2024-10-03 18:25:23 +0000"},"done":true},"mcpaint:guide/root":{"criteria":{"requirement":"2024-10-03 18:26:26 +0000"},"done":true},"eroxified2:core/installed_packs":{"criteria":{"requirement":"2024-10-03 19:51:54 +0000"},"done":true},"eroxified2:core/success":{"criteria":{"requirement":"2024-10-03 19:51:54 +0000"},"done":true},"mcpaint:installed":{"criteria":{"requirement":"2024-10-03 19:51:54 +0000"},"done":true},"eroxified2:core/root":{"criteria":{"requirement":"2024-10-03 19:51:54 +0000"},"done":true},"eroxified2:core/links":{"criteria":{"requirement":"2024-10-03 19:51:54 +0000"},"done":true},"eroxified2:core/info":{"criteria":{"requirement":"2024-10-03 19:51:54 +0000"},"done":true},"DataVersion":3955}