{"minecraft:recipes/decorations/crafting_table":{"criteria":{"unlock_right_away":"2024-09-30 12:14:48 +0000"},"done":true},"minecraft:adventure/adventuring_time":{"criteria":{"minecraft:cold_ocean":"2024-10-07 16:03:48 +0000","minecraft:snowy_slopes":"2024-10-10 12:22:58 +0000","minecraft:beach":"2024-10-07 16:03:25 +0000","minecraft:old_growth_pine_taiga":"2024-10-09 22:01:04 +0000","minecraft:forest":"2024-10-07 11:00:13 +0000","minecraft:taiga":"2024-09-30 12:14:49 +0000","minecraft:river":"2024-09-30 12:15:11 +0000","minecraft:lush_caves":"2024-10-07 15:08:49 +0000","minecraft:dripstone_caves":"2024-10-07 11:00:54 +0000","minecraft:snowy_taiga":"2024-10-07 11:01:31 +0000","minecraft:deep_cold_ocean":"2024-10-07 10:58:47 +0000","minecraft:frozen_ocean":"2024-10-07 15:10:18 +0000","minecraft:frozen_river":"2024-10-07 11:01:51 +0000","minecraft:deep_frozen_ocean":"2024-10-07 16:02:53 +0000","minecraft:deep_dark":"2024-10-07 15:09:15 +0000","minecraft:grove":"2024-10-07 10:58:26 +0000","minecraft:meadow":"2024-09-30 12:15:24 +0000","minecraft:birch_forest":"2024-10-09 21:21:45 +0000","minecraft:windswept_hills":"2024-10-07 11:01:06 +0000","minecraft:old_growth_spruce_taiga":"2024-10-09 22:01:11 +0000","minecraft:jagged_peaks":"2024-10-07 10:58:27 +0000"},"done":false},"eroxified2:item.throwable/stopsound/lingering_potion":{"criteria":{"requirement":"2024-10-03 18:25:23 +0000"},"done":true},"automaticons:progression/root":{"criteria":{"requirement":"2024-10-03 18:25:23 +0000"},"done":true},"mcpaint:guide/root":{"criteria":{"requirement":"2024-10-03 18:26:26 +0000"},"done":true},"minecraft:recipes/redstone/redstone_torch":{"criteria":{"has_redstone":"2024-10-07 10:55:06 +0000"},"done":true},"minecraft:recipes/tools/clock":{"criteria":{"has_redstone":"2024-10-07 10:55:06 +0000"},"done":true},"minecraft:recipes/redstone/dropper":{"criteria":{"has_redstone":"2024-10-07 10:55:06 +0000"},"done":true},"minecraft:recipes/redstone/redstone_block":{"criteria":{"has_redstone":"2024-10-07 10:55:06 +0000"},"done":true},"minecraft:recipes/redstone/note_block":{"criteria":{"has_redstone":"2024-10-07 10:55:06 +0000"},"done":true},"minecraft:recipes/redstone/target":{"criteria":{"has_redstone":"2024-10-07 10:55:06 +0000"},"done":true},"minecraft:recipes/tools/compass":{"criteria":{"has_redstone":"2024-10-07 10:55:06 +0000"},"done":true},"minecraft:recipes/redstone/piston":{"criteria":{"has_redstone":"2024-10-07 10:55:06 +0000"},"done":true},"minecraft:recipes/decorations/lime_glazed_terracotta":{"criteria":{"has_lime_terracotta":"2024-10-07 11:02:53 +0000"},"done":true},"minecraft:recipes/building_blocks/emerald_block":{"criteria":{"has_emerald":"2024-10-07 11:03:34 +0000"},"done":true},"minecraft:recipes/decorations/snow":{"criteria":{"has_snowball":"2024-10-07 11:03:39 +0000"},"done":true},"minecraft:recipes/building_blocks/snow_block":{"criteria":{"has_snowball":"2024-10-07 11:03:39 +0000"},"done":true},"minecraft:recipes/brewing/cauldron":{"criteria":{"has_water_bucket":"2024-10-07 11:08:12 +0000"},"done":true},"mcpaint:recipe_unlock/paint_bucket":{"criteria":{"has_ingredients":"2024-10-07 11:08:13 +0000"},"done":true},"minecraft:recipes/misc/book":{"criteria":{"has_paper":"2024-10-07 11:16:01 +0000"},"done":true},"minecraft:recipes/decorations/cartography_table":{"criteria":{"has_paper":"2024-10-07 11:16:01 +0000"},"done":true},"minecraft:recipes/decorations/chest":{"criteria":{"has_lots_of_items":"2024-10-07 14:58:59 +0000"},"done":true},"minecraft:recipes/redstone/repeater":{"criteria":{"has_redstone_torch":"2024-10-07 15:05:01 +0000"},"done":true},"minecraft:recipes/decorations/blue_bed":{"criteria":{"has_blue_wool":"2024-10-07 15:08:12 +0000"},"done":true},"minecraft:recipes/decorations/painting":{"criteria":{"has_wool":"2024-10-07 15:08:12 +0000"},"done":true},"minecraft:recipes/decorations/blue_carpet":{"criteria":{"has_blue_wool":"2024-10-07 15:08:12 +0000"},"done":true},"minecraft:recipes/decorations/blue_banner":{"criteria":{"has_blue_wool":"2024-10-07 15:08:12 +0000"},"done":true},"minecraft:adventure/minecraft_trials_edition":{"criteria":{"minecraft_trials_edition":"2024-10-07 15:10:16 +0000"},"done":true},"minecraft:recipes/transportation/mangrove_boat":{"criteria":{"in_water":"2024-10-07 15:11:25 +0000"},"done":true},"minecraft:recipes/transportation/acacia_boat":{"criteria":{"in_water":"2024-10-07 15:11:25 +0000"},"done":true},"minecraft:recipes/transportation/cherry_boat":{"criteria":{"in_water":"2024-10-07 15:11:25 +0000"},"done":true},"minecraft:recipes/transportation/bamboo_raft":{"criteria":{"in_water":"2024-10-07 15:11:25 +0000"},"done":true},"minecraft:recipes/transportation/spruce_boat":{"criteria":{"in_water":"2024-10-07 15:11:25 +0000"},"done":true},"minecraft:recipes/transportation/birch_boat":{"criteria":{"in_water":"2024-10-07 15:11:25 +0000"},"done":true},"minecraft:recipes/transportation/oak_boat":{"criteria":{"in_water":"2024-10-07 15:11:25 +0000"},"done":true},"minecraft:recipes/transportation/jungle_boat":{"criteria":{"in_water":"2024-10-07 15:11:25 +0000"},"done":true},"minecraft:recipes/transportation/dark_oak_boat":{"criteria":{"in_water":"2024-10-07 15:11:25 +0000"},"done":true},"minecraft:recipes/building_blocks/quartz_stairs":{"criteria":{"has_chiseled_quartz_block":"2024-10-07 15:12:20 +0000"},"done":true},"minecraft:recipes/building_blocks/quartz_slab":{"criteria":{"has_chiseled_quartz_block":"2024-10-07 15:12:20 +0000"},"done":true},"minecraft:recipes/building_blocks/chiseled_quartz_block":{"criteria":{"has_chiseled_quartz_block":"2024-10-07 15:12:20 +0000"},"done":true},"minecraft:recipes/building_blocks/quartz_pillar":{"criteria":{"has_chiseled_quartz_block":"2024-10-07 15:12:20 +0000"},"done":true},"minecraft:recipes/misc/firework_rocket_simple":{"criteria":{"has_gunpowder":"2024-10-07 15:18:21 +0000"},"done":true},"minecraft:recipes/redstone/tnt":{"criteria":{"has_gunpowder":"2024-10-07 15:18:21 +0000"},"done":true},"minecraft:recipes/building_blocks/smooth_quartz":{"criteria":{"has_quartz_block":"2024-10-07 15:22:28 +0000"},"done":true},"minecraft:recipes/building_blocks/quartz_bricks":{"criteria":{"has_quartz_block":"2024-10-07 15:22:28 +0000"},"done":true},"minecraft:recipes/building_blocks/quartz_bricks_from_quartz_block_stonecutting":{"criteria":{"has_quartz_block":"2024-10-07 15:22:28 +0000"},"done":true},"minecraft:recipes/building_blocks/chiseled_quartz_block_from_quartz_block_stonecutting":{"criteria":{"has_quartz_block":"2024-10-07 15:22:28 +0000"},"done":true},"minecraft:recipes/building_blocks/quartz_pillar_from_quartz_block_stonecutting":{"criteria":{"has_quartz_block":"2024-10-07 15:22:28 +0000"},"done":true},"minecraft:recipes/building_blocks/quartz_slab_from_stonecutting":{"criteria":{"has_quartz_block":"2024-10-07 15:22:28 +0000"},"done":true},"minecraft:recipes/building_blocks/quartz_stairs_from_quartz_block_stonecutting":{"criteria":{"has_quartz_block":"2024-10-07 15:22:28 +0000"},"done":true},"minecraft:recipes/redstone/redstone_lamp":{"criteria":{"has_glowstone":"2024-10-07 15:24:11 +0000"},"done":true},"minecraft:recipes/building_blocks/dripstone_block":{"criteria":{"has_pointed_dripstone":"2024-10-07 15:31:44 +0000"},"done":true},"minecraft:recipes/building_blocks/diorite_stairs_from_diorite_stonecutting":{"criteria":{"has_diorite":"2024-10-07 15:39:01 +0000"},"done":true},"minecraft:recipes/building_blocks/polished_diorite":{"criteria":{"has_diorite":"2024-10-07 15:39:01 +0000"},"done":true},"minecraft:recipes/building_blocks/diorite_slab":{"criteria":{"has_diorite":"2024-10-07 15:39:01 +0000"},"done":true},"minecraft:recipes/decorations/diorite_wall_from_diorite_stonecutting":{"criteria":{"has_diorite":"2024-10-07 15:39:01 +0000"},"done":true},"minecraft:recipes/building_blocks/andesite":{"criteria":{"has_stone":"2024-10-07 15:39:01 +0000"},"done":true},"minecraft:recipes/building_blocks/polished_diorite_from_diorite_stonecutting":{"criteria":{"has_diorite":"2024-10-07 15:39:01 +0000"},"done":true},"minecraft:recipes/decorations/diorite_wall":{"criteria":{"has_diorite":"2024-10-07 15:39:01 +0000"},"done":true},"minecraft:recipes/building_blocks/diorite_slab_from_diorite_stonecutting":{"criteria":{"has_diorite":"2024-10-07 15:39:01 +0000"},"done":true},"minecraft:recipes/building_blocks/polished_diorite_slab_from_diorite_stonecutting":{"criteria":{"has_diorite":"2024-10-07 15:39:01 +0000"},"done":true},"minecraft:recipes/building_blocks/polished_diorite_stairs_from_diorite_stonecutting":{"criteria":{"has_diorite":"2024-10-07 15:39:01 +0000"},"done":true},"minecraft:recipes/building_blocks/diorite_stairs":{"criteria":{"has_diorite":"2024-10-07 15:39:01 +0000"},"done":true},"minecraft:recipes/misc/sugar_from_sugar_cane":{"criteria":{"has_sugar_cane":"2024-10-07 16:14:01 +0000"},"done":true},"minecraft:recipes/misc/paper":{"criteria":{"has_reeds":"2024-10-07 16:14:01 +0000"},"done":true},"minecraft:recipes/combat/diamond_leggings":{"criteria":{"has_diamond":"2024-10-07 16:17:16 +0000"},"done":true},"minecraft:recipes/combat/diamond_sword":{"criteria":{"has_diamond":"2024-10-07 16:17:16 +0000"},"done":true},"minecraft:recipes/decorations/jukebox":{"criteria":{"has_diamond":"2024-10-07 16:17:16 +0000"},"done":true},"minecraft:recipes/combat/diamond_chestplate":{"criteria":{"has_diamond":"2024-10-07 16:17:16 +0000"},"done":true},"minecraft:recipes/combat/diamond_helmet":{"criteria":{"has_diamond":"2024-10-07 16:17:16 +0000"},"done":true},"minecraft:recipes/tools/diamond_pickaxe":{"criteria":{"has_diamond":"2024-10-07 16:17:16 +0000"},"done":true},"minecraft:recipes/building_blocks/diamond_block":{"criteria":{"has_diamond":"2024-10-07 16:17:16 +0000"},"done":true},"minecraft:recipes/tools/diamond_hoe":{"criteria":{"has_diamond":"2024-10-07 16:17:16 +0000"},"done":true},"minecraft:recipes/tools/diamond_shovel":{"criteria":{"has_diamond":"2024-10-07 16:17:16 +0000"},"done":true},"minecraft:story/mine_diamond":{"criteria":{"diamond":"2024-10-07 16:17:16 +0000"},"done":true},"minecraft:recipes/tools/diamond_axe":{"criteria":{"has_diamond":"2024-10-07 16:17:16 +0000"},"done":true},"minecraft:recipes/combat/diamond_boots":{"criteria":{"has_diamond":"2024-10-07 16:17:16 +0000"},"done":true},"minecraft:recipes/building_blocks/lime_concrete_powder":{"criteria":{"has_sand":"2024-10-07 16:44:52 +0000"},"done":true},"minecraft:recipes/building_blocks/light_gray_concrete_powder":{"criteria":{"has_sand":"2024-10-07 16:44:52 +0000"},"done":true},"minecraft:recipes/building_blocks/pink_concrete_powder":{"criteria":{"has_sand":"2024-10-07 16:44:52 +0000"},"done":true},"minecraft:recipes/building_blocks/orange_concrete_powder":{"criteria":{"has_sand":"2024-10-07 16:44:52 +0000"},"done":true},"minecraft:recipes/building_blocks/red_concrete_powder":{"criteria":{"has_sand":"2024-10-07 16:44:52 +0000"},"done":true},"minecraft:recipes/building_blocks/magenta_concrete_powder":{"criteria":{"has_sand":"2024-10-07 16:44:52 +0000"},"done":true},"minecraft:recipes/building_blocks/brown_concrete_powder":{"criteria":{"has_sand":"2024-10-07 16:44:52 +0000"},"done":true},"minecraft:recipes/building_blocks/light_blue_concrete_powder":{"criteria":{"has_sand":"2024-10-07 16:44:52 +0000"},"done":true},"minecraft:recipes/building_blocks/glass":{"criteria":{"has_smelts_to_glass":"2024-10-07 16:44:52 +0000"},"done":true},"minecraft:recipes/building_blocks/green_concrete_powder":{"criteria":{"has_sand":"2024-10-07 16:44:52 +0000"},"done":true},"minecraft:recipes/building_blocks/blue_concrete_powder":{"criteria":{"has_sand":"2024-10-07 16:44:52 +0000"},"done":true},"minecraft:recipes/building_blocks/yellow_concrete_powder":{"criteria":{"has_sand":"2024-10-07 16:44:52 +0000"},"done":true},"minecraft:recipes/building_blocks/sandstone":{"criteria":{"has_sand":"2024-10-07 16:44:52 +0000"},"done":true},"minecraft:recipes/building_blocks/white_concrete_powder":{"criteria":{"has_sand":"2024-10-07 16:44:52 +0000"},"done":true},"minecraft:recipes/building_blocks/gray_concrete_powder":{"criteria":{"has_sand":"2024-10-07 16:44:52 +0000"},"done":true},"minecraft:recipes/building_blocks/black_concrete_powder":{"criteria":{"has_sand":"2024-10-07 16:44:52 +0000"},"done":true},"minecraft:recipes/building_blocks/purple_concrete_powder":{"criteria":{"has_sand":"2024-10-07 16:44:52 +0000"},"done":true},"minecraft:recipes/building_blocks/cyan_concrete_powder":{"criteria":{"has_sand":"2024-10-07 16:44:52 +0000"},"done":true},"minecraft:recipes/decorations/brick_wall":{"criteria":{"has_bricks":"2024-10-07 16:56:57 +0000"},"done":true},"minecraft:recipes/building_blocks/brick_stairs":{"criteria":{"has_bricks":"2024-10-07 16:56:57 +0000"},"done":true},"minecraft:recipes/building_blocks/brick_slab":{"criteria":{"has_bricks":"2024-10-07 16:56:57 +0000"},"done":true},"minecraft:recipes/building_blocks/brick_slab_from_bricks_stonecutting":{"criteria":{"has_bricks":"2024-10-07 16:56:57 +0000"},"done":true},"minecraft:recipes/building_blocks/brick_stairs_from_bricks_stonecutting":{"criteria":{"has_bricks":"2024-10-07 16:56:57 +0000"},"done":true},"minecraft:recipes/decorations/brick_wall_from_bricks_stonecutting":{"criteria":{"has_bricks":"2024-10-07 16:56:57 +0000"},"done":true},"minecraft:recipes/decorations/stone_brick_wall":{"criteria":{"has_stone_bricks":"2024-10-07 16:57:09 +0000"},"done":true},"minecraft:recipes/building_blocks/stone_brick_slab_from_stone_bricks_stonecutting":{"criteria":{"has_stone_bricks":"2024-10-07 16:57:09 +0000"},"done":true},"minecraft:recipes/building_blocks/cracked_stone_bricks":{"criteria":{"has_stone_bricks":"2024-10-07 16:57:09 +0000"},"done":true},"minecraft:recipes/building_blocks/stone_brick_stairs_from_stone_bricks_stonecutting":{"criteria":{"has_stone_bricks":"2024-10-07 16:57:09 +0000"},"done":true},"minecraft:recipes/building_blocks/stone_brick_slab":{"criteria":{"has_stone_bricks":"2024-10-07 16:57:09 +0000"},"done":true},"minecraft:recipes/building_blocks/stone_brick_stairs":{"criteria":{"has_stone_bricks":"2024-10-07 16:57:09 +0000"},"done":true},"minecraft:recipes/building_blocks/chiseled_stone_bricks_from_stone_bricks_stonecutting":{"criteria":{"has_stone_bricks":"2024-10-07 16:57:09 +0000"},"done":true},"minecraft:recipes/building_blocks/chiseled_stone_bricks":{"criteria":{"has_tag":"2024-10-07 16:57:09 +0000"},"done":true},"minecraft:recipes/decorations/stone_brick_wall_from_stone_bricks_stonecutting":{"criteria":{"has_stone_bricks":"2024-10-07 16:57:09 +0000"},"done":true},"minecraft:recipes/redstone/lever":{"criteria":{"has_cobblestone":"2024-10-07 18:05:41 +0000"},"done":true},"minecraft:recipes/combat/stone_sword":{"criteria":{"has_cobblestone":"2024-10-07 18:05:41 +0000"},"done":true},"minecraft:recipes/decorations/cobblestone_wall":{"criteria":{"has_cobblestone":"2024-10-07 18:05:41 +0000"},"done":true},"minecraft:recipes/tools/stone_pickaxe":{"criteria":{"has_cobblestone":"2024-10-07 18:05:41 +0000"},"done":true},"minecraft:recipes/tools/stone_axe":{"criteria":{"has_cobblestone":"2024-10-07 18:05:41 +0000"},"done":true},"minecraft:story/mine_stone":{"criteria":{"get_stone":"2024-10-07 18:05:41 +0000"},"done":true},"minecraft:recipes/decorations/furnace":{"criteria":{"has_cobblestone":"2024-10-07 18:05:41 +0000"},"done":true},"minecraft:recipes/building_blocks/cobblestone_slab":{"criteria":{"has_cobblestone":"2024-10-07 18:05:41 +0000"},"done":true},"minecraft:recipes/building_blocks/cobblestone_slab_from_cobblestone_stonecutting":{"criteria":{"has_cobblestone":"2024-10-07 18:05:41 +0000"},"done":true},"minecraft:recipes/building_blocks/stone":{"criteria":{"has_cobblestone":"2024-10-07 18:05:41 +0000"},"done":true},"minecraft:recipes/decorations/cobblestone_wall_from_cobblestone_stonecutting":{"criteria":{"has_cobblestone":"2024-10-07 18:05:41 +0000"},"done":true},"minecraft:recipes/building_blocks/cobblestone_stairs_from_cobblestone_stonecutting":{"criteria":{"has_cobblestone":"2024-10-07 18:05:41 +0000"},"done":true},"minecraft:recipes/building_blocks/cobblestone_stairs":{"criteria":{"has_cobblestone":"2024-10-07 18:05:41 +0000"},"done":true},"minecraft:recipes/tools/stone_hoe":{"criteria":{"has_cobblestone":"2024-10-07 18:05:41 +0000"},"done":true},"minecraft:recipes/tools/stone_shovel":{"criteria":{"has_cobblestone":"2024-10-07 18:05:41 +0000"},"done":true},"minecraft:recipes/decorations/ladder":{"criteria":{"has_stick":"2024-10-07 19:34:19 +0000"},"done":true},"minecraft:recipes/decorations/campfire":{"criteria":{"has_stick":"2024-10-07 19:34:19 +0000"},"done":true},"minecraft:recipes/tools/wooden_hoe":{"criteria":{"has_stick":"2024-10-07 19:34:19 +0000"},"done":true},"minecraft:recipes/tools/wooden_pickaxe":{"criteria":{"has_stick":"2024-10-07 19:34:19 +0000"},"done":true},"minecraft:recipes/tools/wooden_axe":{"criteria":{"has_stick":"2024-10-07 19:34:19 +0000"},"done":true},"minecraft:recipes/tools/wooden_shovel":{"criteria":{"has_stick":"2024-10-07 19:34:19 +0000"},"done":true},"minecraft:recipes/combat/wooden_sword":{"criteria":{"has_stick":"2024-10-07 19:34:19 +0000"},"done":true},"minecraft:recipes/redstone/calibrated_sculk_sensor":{"criteria":{"has_amethyst_shard":"2024-10-07 19:45:18 +0000"},"done":true},"minecraft:recipes/building_blocks/tinted_glass":{"criteria":{"has_amethyst_shard":"2024-10-07 19:45:18 +0000"},"done":true},"minecraft:recipes/tools/spyglass":{"criteria":{"has_amethyst_shard":"2024-10-07 19:45:18 +0000"},"done":true},"minecraft:recipes/building_blocks/amethyst_block":{"criteria":{"has_amethyst_shard":"2024-10-07 19:45:18 +0000"},"done":true},"minecraft:recipes/misc/conduit":{"criteria":{"has_nautilus_core":"2024-10-07 19:45:31 +0000"},"done":true},"minecraft:recipes/misc/red_dye_from_poppy":{"criteria":{"has_poppy":"2024-10-07 19:48:06 +0000"},"done":true},"minecraft:story/shiny_gear":{"criteria":{"diamond_helmet":"2024-10-07 20:17:56 +0000"},"done":true},"minecraft:adventure/root":{"criteria":{"killed_something":"2024-10-07 20:19:08 +0000"},"done":true},"minecraft:adventure/kill_all_mobs":{"criteria":{"minecraft:elder_guardian":"2024-10-09 22:14:14 +0000","minecraft:wither_skeleton":"2024-10-09 21:39:31 +0000","minecraft:zombie":"2024-10-07 20:19:08 +0000","minecraft:creeper":"2024-10-07 20:52:51 +0000","minecraft:drowned":"2024-10-09 22:32:18 +0000"},"done":false},"minecraft:adventure/kill_a_mob":{"criteria":{"minecraft:zombie":"2024-10-07 20:19:08 +0000"},"done":true},"minecraft:recipes/food/baked_potato_from_campfire_cooking":{"criteria":{"has_potato":"2024-10-07 20:19:10 +0000"},"done":true},"minecraft:recipes/food/baked_potato_from_smoking":{"criteria":{"has_potato":"2024-10-07 20:19:10 +0000"},"done":true},"minecraft:recipes/food/baked_potato":{"criteria":{"has_potato":"2024-10-07 20:19:10 +0000"},"done":true},"minecraft:recipes/misc/blue_dye":{"criteria":{"has_lapis_lazuli":"2024-10-07 20:20:14 +0000"},"done":true},"minecraft:recipes/building_blocks/lapis_block":{"criteria":{"has_lapis_lazuli":"2024-10-07 20:20:14 +0000"},"done":true},"minecraft:story/obtain_armor":{"criteria":{"iron_helmet":"2024-10-07 20:36:14 +0000"},"done":true},"minecraft:recipes/misc/iron_nugget_from_smelting":{"criteria":{"has_iron_helmet":"2024-10-07 20:36:14 +0000"},"done":true},"minecraft:recipes/misc/iron_nugget_from_blasting":{"criteria":{"has_iron_helmet":"2024-10-07 20:36:14 +0000"},"done":true},"minecraft:nether/obtain_blaze_rod":{"criteria":{"blaze_rod":"2024-10-07 20:45:46 +0000"},"done":true},"minecraft:recipes/brewing/blaze_powder":{"criteria":{"has_blaze_rod":"2024-10-07 20:45:46 +0000"},"done":true},"minecraft:recipes/brewing/brewing_stand":{"criteria":{"has_blaze_rod":"2024-10-07 20:45:46 +0000"},"done":true},"minecraft:recipes/misc/gold_nugget_from_smelting":{"criteria":{"has_golden_chestplate":"2024-10-07 20:49:11 +0000"},"done":true},"minecraft:recipes/misc/gold_nugget_from_blasting":{"criteria":{"has_golden_chestplate":"2024-10-07 20:49:11 +0000"},"done":true},"minecraft:adventure/throw_trident":{"criteria":{"shot_trident":"2024-10-07 20:50:41 +0000"},"done":true},"minecraft:recipes/redstone/dispenser":{"criteria":{"has_bow":"2024-10-07 20:52:02 +0000"},"done":true},"minecraft:adventure/shoot_arrow":{"criteria":{"shot_arrow":"2024-10-07 20:52:51 +0000"},"done":true},"minecraft:recipes/redstone/crafter":{"criteria":{"has_dropper":"2024-10-09 19:33:51 +0000"},"done":true},"minecraft:recipes/building_blocks/stone_bricks":{"criteria":{"has_stone":"2024-10-09 20:54:12 +0000"},"done":true},"minecraft:recipes/building_blocks/stone_brick_slab_from_stone_stonecutting":{"criteria":{"has_stone":"2024-10-09 20:54:12 +0000"},"done":true},"minecraft:recipes/building_blocks/stone_brick_stairs_from_stone_stonecutting":{"criteria":{"has_stone":"2024-10-09 20:54:12 +0000"},"done":true},"minecraft:recipes/building_blocks/stone_slab_from_stone_stonecutting":{"criteria":{"has_stone":"2024-10-09 20:54:12 +0000"},"done":true},"minecraft:recipes/building_blocks/stone_bricks_from_stone_stonecutting":{"criteria":{"has_stone":"2024-10-09 20:54:12 +0000"},"done":true},"minecraft:recipes/building_blocks/stone_slab":{"criteria":{"has_stone":"2024-10-09 20:54:12 +0000"},"done":true},"minecraft:recipes/building_blocks/chiseled_stone_bricks_stone_from_stonecutting":{"criteria":{"has_stone":"2024-10-09 20:54:12 +0000"},"done":true},"minecraft:recipes/building_blocks/stone_stairs_from_stone_stonecutting":{"criteria":{"has_stone":"2024-10-09 20:54:12 +0000"},"done":true},"minecraft:recipes/redstone/stone_button":{"criteria":{"has_stone":"2024-10-09 20:54:12 +0000"},"done":true},"minecraft:recipes/decorations/stonecutter":{"criteria":{"has_stone":"2024-10-09 20:54:12 +0000"},"done":true},"minecraft:recipes/redstone/stone_pressure_plate":{"criteria":{"has_stone":"2024-10-09 20:54:12 +0000"},"done":true},"minecraft:recipes/building_blocks/smooth_stone":{"criteria":{"has_stone":"2024-10-09 20:54:12 +0000"},"done":true},"minecraft:recipes/decorations/stone_brick_walls_from_stone_stonecutting":{"criteria":{"has_stone":"2024-10-09 20:54:12 +0000"},"done":true},"minecraft:recipes/building_blocks/stone_stairs":{"criteria":{"has_stone":"2024-10-09 20:54:12 +0000"},"done":true},"minecraft:adventure/ol_betsy":{"criteria":{"shot_crossbow":"2024-10-09 21:08:36 +0000"},"done":true},"minecraft:recipes/decorations/glow_item_frame":{"criteria":{"has_glow_ink_sac":"2024-10-09 21:09:30 +0000"},"done":true},"minecraft:recipes/misc/orange_dye_from_red_yellow":{"criteria":{"has_yellow_dye":"2024-10-09 21:09:31 +0000"},"done":true},"minecraft:recipes/decorations/yellow_candle":{"criteria":{"has_yellow_dye":"2024-10-09 21:09:31 +0000"},"done":true},"minecraft:recipes/building_blocks/dye_yellow_carpet":{"criteria":{"has_needed_dye":"2024-10-09 21:09:31 +0000"},"done":true},"minecraft:recipes/decorations/yellow_stained_glass_pane_from_glass_pane":{"criteria":{"has_yellow_dye":"2024-10-09 21:09:31 +0000"},"done":true},"minecraft:recipes/building_blocks/dye_yellow_wool":{"criteria":{"has_needed_dye":"2024-10-09 21:09:31 +0000"},"done":true},"minecraft:recipes/building_blocks/dye_yellow_bed":{"criteria":{"has_needed_dye":"2024-10-09 21:09:31 +0000"},"done":true},"minecraft:husbandry/make_a_sign_glow":{"criteria":{"make_a_sign_glow":"2024-10-09 21:09:32 +0000"},"done":true},"minecraft:recipes/building_blocks/polished_diorite_slab":{"criteria":{"has_polished_diorite":"2024-10-09 21:13:33 +0000"},"done":true},"minecraft:recipes/building_blocks/polished_diorite_stairs":{"criteria":{"has_polished_diorite":"2024-10-09 21:13:33 +0000"},"done":true},"minecraft:recipes/building_blocks/polished_diorite_stairs_from_polished_diorite_stonecutting":{"criteria":{"has_polished_diorite":"2024-10-09 21:13:33 +0000"},"done":true},"minecraft:recipes/building_blocks/polished_diorite_slab_from_polished_diorite_stonecutting":{"criteria":{"has_polished_diorite":"2024-10-09 21:13:33 +0000"},"done":true},"minecraft:recipes/building_blocks/spruce_planks":{"criteria":{"has_logs":"2024-10-09 21:21:07 +0000"},"done":true},"minecraft:recipes/misc/charcoal":{"criteria":{"has_log":"2024-10-09 21:21:07 +0000"},"done":true},"minecraft:recipes/building_blocks/spruce_wood":{"criteria":{"has_log":"2024-10-09 21:21:07 +0000"},"done":true},"minecraft:nether/obtain_crying_obsidian":{"criteria":{"crying_obsidian":"2024-10-09 21:29:56 +0000"},"done":true},"minecraft:recipes/decorations/respawn_anchor":{"criteria":{"has_obsidian":"2024-10-09 21:29:56 +0000"},"done":true},"minecraft:recipes/misc/bone_meal":{"criteria":{"has_bone":"2024-10-09 21:39:31 +0000"},"done":true},"minecraft:recipes/building_blocks/coal_block":{"criteria":{"has_coal":"2024-10-09 21:39:37 +0000"},"done":true},"minecraft:nether/get_wither_skull":{"criteria":{"wither_skull":"2024-10-09 21:41:06 +0000"},"done":true},"minecraft:recipes/misc/skull_banner_pattern":{"criteria":{"has_wither_skeleton_skull":"2024-10-09 21:41:06 +0000"},"done":true},"minecraft:recipes/decorations/spruce_hanging_sign":{"criteria":{"has_stripped_logs":"2024-10-09 21:45:04 +0000"},"done":true},"minecraft:recipes/building_blocks/stripped_spruce_wood":{"criteria":{"has_log":"2024-10-09 21:45:04 +0000"},"done":true},"minecraft:recipes/redstone/spruce_button":{"criteria":{"has_planks":"2024-10-09 21:45:07 +0000"},"done":true},"minecraft:recipes/redstone/spruce_pressure_plate":{"criteria":{"has_planks":"2024-10-09 21:45:07 +0000"},"done":true},"minecraft:recipes/decorations/spruce_sign":{"criteria":{"has_planks":"2024-10-09 21:45:07 +0000"},"done":true},"minecraft:recipes/redstone/spruce_trapdoor":{"criteria":{"has_planks":"2024-10-09 21:45:07 +0000"},"done":true},"minecraft:recipes/redstone/spruce_door":{"criteria":{"has_planks":"2024-10-09 21:45:07 +0000"},"done":true},"minecraft:recipes/redstone/spruce_fence_gate":{"criteria":{"has_planks":"2024-10-09 21:45:07 +0000"},"done":true},"minecraft:recipes/misc/stick":{"criteria":{"has_planks":"2024-10-09 21:45:07 +0000"},"done":true},"minecraft:recipes/decorations/barrel":{"criteria":{"has_planks":"2024-10-09 21:45:07 +0000"},"done":true},"minecraft:recipes/decorations/spruce_fence":{"criteria":{"has_planks":"2024-10-09 21:45:07 +0000"},"done":true},"minecraft:recipes/building_blocks/spruce_stairs":{"criteria":{"has_planks":"2024-10-09 21:45:07 +0000"},"done":true},"minecraft:recipes/building_blocks/spruce_slab":{"criteria":{"has_planks":"2024-10-09 21:45:07 +0000"},"done":true},"minecraft:recipes/transportation/detector_rail":{"criteria":{"has_rail":"2024-10-09 21:45:28 +0000"},"done":true},"minecraft:recipes/transportation/activator_rail":{"criteria":{"has_rail":"2024-10-09 21:45:28 +0000"},"done":true},"minecraft:recipes/transportation/powered_rail":{"criteria":{"has_rail":"2024-10-09 21:45:28 +0000"},"done":true},"minecraft:recipes/decorations/torch":{"criteria":{"has_stone_pickaxe":"2024-10-09 21:50:54 +0000"},"done":true},"minecraft:story/upgrade_tools":{"criteria":{"stone_pickaxe":"2024-10-09 21:50:54 +0000"},"done":true},"minecraft:recipes/combat/iron_sword":{"criteria":{"has_iron_ingot":"2024-10-09 21:52:44 +0000"},"done":true},"minecraft:recipes/tools/iron_pickaxe":{"criteria":{"has_iron_ingot":"2024-10-09 21:52:44 +0000"},"done":true},"minecraft:recipes/combat/iron_leggings":{"criteria":{"has_iron_ingot":"2024-10-09 21:52:44 +0000"},"done":true},"minecraft:recipes/combat/shield":{"criteria":{"has_iron_ingot":"2024-10-09 21:52:44 +0000"},"done":true},"minecraft:recipes/redstone/hopper":{"criteria":{"has_iron_ingot":"2024-10-09 21:52:44 +0000"},"done":true},"minecraft:recipes/decorations/iron_bars":{"criteria":{"has_iron_ingot":"2024-10-09 21:52:44 +0000"},"done":true},"minecraft:recipes/combat/iron_boots":{"criteria":{"has_iron_ingot":"2024-10-09 21:52:44 +0000"},"done":true},"minecraft:recipes/combat/iron_chestplate":{"criteria":{"has_iron_ingot":"2024-10-09 21:52:44 +0000"},"done":true},"minecraft:recipes/decorations/lantern":{"criteria":{"has_iron_ingot":"2024-10-09 21:52:44 +0000"},"done":true},"minecraft:recipes/misc/iron_nugget":{"criteria":{"has_iron_ingot":"2024-10-09 21:52:44 +0000"},"done":true},"minecraft:recipes/misc/bucket":{"criteria":{"has_iron_ingot":"2024-10-09 21:52:44 +0000"},"done":true},"minecraft:recipes/combat/iron_helmet":{"criteria":{"has_iron_ingot":"2024-10-09 21:52:44 +0000"},"done":true},"minecraft:recipes/transportation/minecart":{"criteria":{"has_iron_ingot":"2024-10-09 21:52:44 +0000"},"done":true},"minecraft:recipes/tools/iron_hoe":{"criteria":{"has_iron_ingot":"2024-10-09 21:52:44 +0000"},"done":true},"minecraft:recipes/tools/iron_shovel":{"criteria":{"has_iron_ingot":"2024-10-09 21:52:44 +0000"},"done":true},"minecraft:story/smelt_iron":{"criteria":{"iron":"2024-10-09 21:52:44 +0000"},"done":true},"minecraft:recipes/tools/shears":{"criteria":{"has_iron_ingot":"2024-10-09 21:52:44 +0000"},"done":true},"minecraft:recipes/redstone/iron_trapdoor":{"criteria":{"has_iron_ingot":"2024-10-09 21:52:44 +0000"},"done":true},"minecraft:recipes/decorations/chain":{"criteria":{"has_iron_ingot":"2024-10-09 21:52:44 +0000"},"done":true},"minecraft:recipes/building_blocks/iron_block":{"criteria":{"has_iron_ingot":"2024-10-09 21:52:44 +0000"},"done":true},"minecraft:recipes/tools/iron_axe":{"criteria":{"has_iron_ingot":"2024-10-09 21:52:44 +0000"},"done":true},"minecraft:recipes/combat/crossbow":{"criteria":{"has_iron_ingot":"2024-10-09 21:52:44 +0000"},"done":true},"minecraft:recipes/decorations/smithing_table":{"criteria":{"has_iron_ingot":"2024-10-09 21:52:44 +0000"},"done":true},"minecraft:recipes/redstone/iron_door":{"criteria":{"has_iron_ingot":"2024-10-09 21:52:44 +0000"},"done":true},"minecraft:recipes/redstone/heavy_weighted_pressure_plate":{"criteria":{"has_iron_ingot":"2024-10-09 21:52:44 +0000"},"done":true},"minecraft:recipes/decorations/prismarine_wall_from_prismarine_stonecutting":{"criteria":{"has_prismarine":"2024-10-09 22:02:18 +0000"},"done":true},"minecraft:recipes/building_blocks/prismarine_stairs":{"criteria":{"has_prismarine":"2024-10-09 22:02:18 +0000"},"done":true},"minecraft:recipes/decorations/prismarine_wall":{"criteria":{"has_prismarine":"2024-10-09 22:02:18 +0000"},"done":true},"minecraft:recipes/building_blocks/prismarine_slab_from_prismarine_stonecutting":{"criteria":{"has_prismarine":"2024-10-09 22:02:18 +0000"},"done":true},"minecraft:recipes/building_blocks/prismarine_slab":{"criteria":{"has_prismarine":"2024-10-09 22:02:18 +0000"},"done":true},"minecraft:recipes/building_blocks/prismarine_stairs_from_prismarine_stonecutting":{"criteria":{"has_prismarine":"2024-10-09 22:02:18 +0000"},"done":true},"minecraft:recipes/building_blocks/prismarine_brick_stairs_from_prismarine_stonecutting":{"criteria":{"has_prismarine_brick":"2024-10-09 22:02:44 +0000"},"done":true},"minecraft:recipes/building_blocks/prismarine_brick_stairs":{"criteria":{"has_prismarine_bricks":"2024-10-09 22:02:44 +0000"},"done":true},"minecraft:recipes/building_blocks/prismarine_brick_slab_from_prismarine_stonecutting":{"criteria":{"has_prismarine_brick":"2024-10-09 22:02:44 +0000"},"done":true},"minecraft:recipes/building_blocks/prismarine_brick_slab":{"criteria":{"has_prismarine_bricks":"2024-10-09 22:02:44 +0000"},"done":true},"minecraft:recipes/building_blocks/dark_prismarine_stairs_from_dark_prismarine_stonecutting":{"criteria":{"has_dark_prismarine":"2024-10-09 22:02:49 +0000"},"done":true},"minecraft:recipes/building_blocks/dark_prismarine_stairs":{"criteria":{"has_dark_prismarine":"2024-10-09 22:02:49 +0000"},"done":true},"minecraft:recipes/building_blocks/dark_prismarine_slab_from_dark_prismarine_stonecutting":{"criteria":{"has_dark_prismarine":"2024-10-09 22:02:49 +0000"},"done":true},"minecraft:recipes/building_blocks/dark_prismarine_slab":{"criteria":{"has_dark_prismarine":"2024-10-09 22:02:49 +0000"},"done":true},"minecraft:recipes/food/cooked_cod_from_smoking":{"criteria":{"has_cod":"2024-10-09 22:14:15 +0000"},"done":true},"minecraft:recipes/building_blocks/prismarine":{"criteria":{"has_prismarine_shard":"2024-10-09 22:14:15 +0000"},"done":true},"minecraft:recipes/building_blocks/sponge":{"criteria":{"has_wet_sponge":"2024-10-09 22:14:15 +0000"},"done":true},"minecraft:recipes/food/cooked_cod_from_campfire_cooking":{"criteria":{"has_cod":"2024-10-09 22:14:15 +0000"},"done":true},"minecraft:recipes/building_blocks/prismarine_bricks":{"criteria":{"has_prismarine_shard":"2024-10-09 22:14:15 +0000"},"done":true},"minecraft:recipes/building_blocks/dark_prismarine":{"criteria":{"has_prismarine_shard":"2024-10-09 22:14:15 +0000"},"done":true},"minecraft:recipes/food/cooked_cod":{"criteria":{"has_cod":"2024-10-09 22:14:15 +0000"},"done":true},"minecraft:recipes/misc/raw_gold":{"criteria":{"has_raw_gold_block":"2024-10-09 22:22:31 +0000"},"done":true},"minecraft:recipes/misc/white_dye":{"criteria":{"has_bone_meal":"2024-10-09 22:31:35 +0000"},"done":true},"minecraft:recipes/building_blocks/bone_block":{"criteria":{"has_bone_meal":"2024-10-09 22:31:35 +0000"},"done":true},"eroxified2:core/installed_packs":{"criteria":{"requirement":"2024-10-10 12:31:33 +0000"},"done":true},"eroxified2:core/success":{"criteria":{"requirement":"2024-10-10 12:31:33 +0000"},"done":true},"mcpaint:installed":{"criteria":{"requirement":"2024-10-10 12:31:33 +0000"},"done":true},"eroxified2:core/root":{"criteria":{"requirement":"2024-10-10 12:31:33 +0000"},"done":true},"eroxified2:core/links":{"criteria":{"requirement":"2024-10-10 12:31:33 +0000"},"done":true},"eroxified2:core/info":{"criteria":{"requirement":"2024-10-10 12:31:33 +0000"},"done":true},"minecraft:recipes/building_blocks/oak_planks":{"criteria":{"has_logs":"2024-10-10 12:16:06 +0000"},"done":true},"minecraft:recipes/building_blocks/stripped_oak_wood":{"criteria":{"has_log":"2024-10-10 12:16:06 +0000"},"done":true},"minecraft:recipes/decorations/oak_hanging_sign":{"criteria":{"has_stripped_logs":"2024-10-10 12:16:06 +0000"},"done":true},"minecraft:recipes/building_blocks/oak_wood":{"criteria":{"has_log":"2024-10-10 12:16:08 +0000"},"done":true},"minecraft:recipes/building_blocks/oak_slab":{"criteria":{"has_planks":"2024-10-10 12:16:09 +0000"},"done":true},"minecraft:recipes/decorations/oak_sign":{"criteria":{"has_planks":"2024-10-10 12:16:09 +0000"},"done":true},"minecraft:recipes/redstone/oak_trapdoor":{"criteria":{"has_planks":"2024-10-10 12:16:09 +0000"},"done":true},"minecraft:recipes/redstone/oak_fence_gate":{"criteria":{"has_planks":"2024-10-10 12:16:09 +0000"},"done":true},"minecraft:recipes/redstone/oak_pressure_plate":{"criteria":{"has_planks":"2024-10-10 12:16:09 +0000"},"done":true},"minecraft:recipes/redstone/oak_door":{"criteria":{"has_planks":"2024-10-10 12:16:09 +0000"},"done":true},"minecraft:recipes/building_blocks/oak_stairs":{"criteria":{"has_planks":"2024-10-10 12:16:09 +0000"},"done":true},"minecraft:recipes/decorations/oak_fence":{"criteria":{"has_planks":"2024-10-10 12:16:09 +0000"},"done":true},"minecraft:recipes/redstone/oak_button":{"criteria":{"has_planks":"2024-10-10 12:16:09 +0000"},"done":true},"minecraft:recipes/decorations/composter":{"criteria":{"has_wood_slab":"2024-10-10 12:16:11 +0000"},"done":true},"minecraft:recipes/decorations/moss_carpet":{"criteria":{"has_moss_block":"2024-10-10 12:23:41 +0000"},"done":true},"minecraft:recipes/building_blocks/mossy_cobblestone_from_moss_block":{"criteria":{"has_moss_block":"2024-10-10 12:23:41 +0000"},"done":true},"minecraft:recipes/building_blocks/mossy_stone_bricks_from_moss_block":{"criteria":{"has_moss_block":"2024-10-10 12:23:41 +0000"},"done":true},"minecraft:recipes/building_blocks/mossy_stone_brick_stairs":{"criteria":{"has_mossy_stone_bricks":"2024-10-10 12:26:32 +0000"},"done":true},"minecraft:recipes/decorations/mossy_stone_brick_wall":{"criteria":{"has_mossy_stone_bricks":"2024-10-10 12:26:32 +0000"},"done":true},"minecraft:recipes/building_blocks/mossy_stone_brick_slab":{"criteria":{"has_mossy_stone_bricks":"2024-10-10 12:26:32 +0000"},"done":true},"minecraft:recipes/building_blocks/mossy_stone_brick_stairs_from_mossy_stone_brick_stonecutting":{"criteria":{"has_mossy_stone_bricks":"2024-10-10 12:26:32 +0000"},"done":true},"minecraft:recipes/decorations/mossy_stone_brick_wall_from_mossy_stone_brick_stonecutting":{"criteria":{"has_mossy_stone_bricks":"2024-10-10 12:26:32 +0000"},"done":true},"minecraft:recipes/building_blocks/mossy_stone_brick_slab_from_mossy_stone_brick_stonecutting":{"criteria":{"has_mossy_stone_bricks":"2024-10-10 12:26:32 +0000"},"done":true},"minecraft:recipes/combat/bow":{"criteria":{"has_string":"2024-10-10 12:27:34 +0000"},"done":true},"minecraft:recipes/tools/fishing_rod":{"criteria":{"has_string":"2024-10-10 12:27:34 +0000"},"done":true},"minecraft:recipes/building_blocks/white_wool_from_string":{"criteria":{"has_string":"2024-10-10 12:27:34 +0000"},"done":true},"minecraft:recipes/redstone/tripwire_hook":{"criteria":{"has_string":"2024-10-10 12:27:34 +0000"},"done":true},"minecraft:recipes/decorations/candle":{"criteria":{"has_string":"2024-10-10 12:27:34 +0000"},"done":true},"minecraft:recipes/decorations/loom":{"criteria":{"has_string":"2024-10-10 12:27:34 +0000"},"done":true},"DataVersion":3955}