{"minecraft:recipes/redstone/spruce_button":{"criteria":{"has_planks":"2024-10-03 18:25:03 +0000"},"done":true},"minecraft:recipes/building_blocks/smooth_quartz_slab_from_smooth_quartz_stonecutting":{"criteria":{"has_smooth_quartz":"2024-10-03 18:25:03 +0000"},"done":true},"minecraft:recipes/food/cake":{"criteria":{"has_egg":"2024-10-03 18:25:03 +0000"},"done":true},"minecraft:recipes/building_blocks/smooth_quartz_slab":{"criteria":{"has_smooth_quartz":"2024-10-03 18:25:03 +0000"},"done":true},"mcpaint:guide/root":{"criteria":{"requirement":"2024-10-03 18:25:03 +0000"},"done":true},"minecraft:recipes/redstone/spruce_pressure_plate":{"criteria":{"has_planks":"2024-10-03 18:25:03 +0000"},"done":true},"minecraft:recipes/building_blocks/waxed_copper_bulb_from_honeycomb":{"criteria":{"has_copper_bulb":"2024-10-03 18:25:03 +0000"},"done":true},"minecraft:recipes/redstone/redstone_torch":{"criteria":{"has_redstone":"2024-10-03 18:25:03 +0000"},"done":true},"minecraft:recipes/tools/clock":{"criteria":{"has_redstone":"2024-10-03 18:25:03 +0000"},"done":true},"minecraft:recipes/decorations/spruce_sign":{"criteria":{"has_planks":"2024-10-03 18:25:03 +0000"},"done":true},"minecraft:recipes/decorations/yellow_stained_glass_pane":{"criteria":{"has_glass":"2024-10-03 18:25:03 +0000"},"done":true},"minecraft:recipes/redstone/dropper":{"criteria":{"has_redstone":"2024-10-03 18:25:03 +0000"},"done":true},"minecraft:recipes/decorations/composter":{"criteria":{"has_wood_slab":"2024-10-03 18:25:03 +0000"},"done":true},"eroxified2:item.throwable/stopsound/lingering_potion":{"criteria":{"requirement":"2024-10-03 18:25:03 +0000"},"done":true},"minecraft:recipes/redstone/spruce_trapdoor":{"criteria":{"has_planks":"2024-10-03 18:25:03 +0000"},"done":true},"minecraft:recipes/redstone/spruce_door":{"criteria":{"has_planks":"2024-10-03 18:25:03 +0000"},"done":true},"minecraft:recipes/redstone/spruce_fence_gate":{"criteria":{"has_planks":"2024-10-03 18:25:03 +0000"},"done":true},"minecraft:recipes/decorations/crafting_table":{"criteria":{"unlock_right_away":"2024-10-03 18:25:03 +0000"},"done":true},"minecraft:recipes/decorations/chest":{"criteria":{"has_lots_of_items":"2024-10-03 18:25:03 +0000"},"done":true},"minecraft:recipes/misc/stick":{"criteria":{"has_planks":"2024-10-03 18:25:03 +0000"},"done":true},"automaticons:progression/root":{"criteria":{"requirement":"2024-10-03 18:25:03 +0000"},"done":true},"minecraft:recipes/brewing/cauldron":{"criteria":{"has_water_bucket":"2024-10-03 18:25:03 +0000"},"done":true},"minecraft:recipes/redstone/redstone_block":{"criteria":{"has_redstone":"2024-10-03 18:25:03 +0000"},"done":true},"minecraft:recipes/decorations/barrel":{"criteria":{"has_wood_slab":"2024-10-03 18:25:03 +0000"},"done":true},"minecraft:recipes/redstone/redstone":{"criteria":{"has_redstone_block":"2024-10-03 18:25:03 +0000"},"done":true},"minecraft:recipes/redstone/note_block":{"criteria":{"has_redstone":"2024-10-03 18:25:03 +0000"},"done":true},"minecraft:recipes/redstone/target":{"criteria":{"has_redstone":"2024-10-03 18:25:03 +0000"},"done":true},"minecraft:recipes/decorations/spruce_fence":{"criteria":{"has_planks":"2024-10-03 18:25:03 +0000"},"done":true},"minecraft:recipes/building_blocks/spruce_stairs":{"criteria":{"has_planks":"2024-10-03 18:25:03 +0000"},"done":true},"minecraft:recipes/building_blocks/spruce_slab":{"criteria":{"has_planks":"2024-10-03 18:25:03 +0000"},"done":true},"minecraft:recipes/building_blocks/smooth_quartz_stairs":{"criteria":{"has_smooth_quartz":"2024-10-03 18:25:03 +0000"},"done":true},"minecraft:recipes/tools/compass":{"criteria":{"has_redstone":"2024-10-03 18:25:03 +0000"},"done":true},"minecraft:recipes/building_blocks/smooth_quartz_stairs_from_smooth_quartz_stonecutting":{"criteria":{"has_smooth_quartz":"2024-10-03 18:25:03 +0000"},"done":true},"minecraft:recipes/redstone/piston":{"criteria":{"has_redstone":"2024-10-03 18:25:03 +0000"},"done":true},"minecraft:adventure/adventuring_time":{"criteria":{"minecraft:forest":"2024-10-07 15:02:37 +0000","minecraft:taiga":"2024-10-03 18:25:08 +0000","minecraft:deep_frozen_ocean":"2024-10-03 18:25:04 +0000","minecraft:river":"2024-10-03 18:25:22 +0000","minecraft:grove":"2024-10-07 15:02:42 +0000","minecraft:meadow":"2024-10-03 18:25:41 +0000","minecraft:dripstone_caves":"2024-10-07 15:26:32 +0000","minecraft:jagged_peaks":"2024-10-07 15:02:45 +0000"},"done":false},"minecraft:end/elytra":{"criteria":{"elytra":"2024-10-03 19:47:41 +0000"},"done":true},"minecraft:recipes/transportation/mangrove_boat":{"criteria":{"in_water":"2024-10-03 19:49:57 +0000"},"done":true},"minecraft:recipes/transportation/acacia_boat":{"criteria":{"in_water":"2024-10-03 19:49:57 +0000"},"done":true},"minecraft:recipes/transportation/cherry_boat":{"criteria":{"in_water":"2024-10-03 19:49:57 +0000"},"done":true},"minecraft:recipes/transportation/bamboo_raft":{"criteria":{"in_water":"2024-10-03 19:49:57 +0000"},"done":true},"minecraft:recipes/transportation/spruce_boat":{"criteria":{"in_water":"2024-10-03 19:49:57 +0000"},"done":true},"minecraft:recipes/transportation/birch_boat":{"criteria":{"in_water":"2024-10-03 19:49:57 +0000"},"done":true},"minecraft:recipes/transportation/oak_boat":{"criteria":{"in_water":"2024-10-03 19:49:57 +0000"},"done":true},"minecraft:recipes/transportation/jungle_boat":{"criteria":{"in_water":"2024-10-03 19:49:57 +0000"},"done":true},"minecraft:recipes/transportation/dark_oak_boat":{"criteria":{"in_water":"2024-10-03 19:49:57 +0000"},"done":true},"minecraft:recipes/building_blocks/stone_bricks":{"criteria":{"has_stone":"2024-10-03 19:55:02 +0000"},"done":true},"minecraft:recipes/building_blocks/stone_brick_slab_from_stone_stonecutting":{"criteria":{"has_stone":"2024-10-03 19:55:02 +0000"},"done":true},"minecraft:recipes/building_blocks/stone_brick_stairs_from_stone_stonecutting":{"criteria":{"has_stone":"2024-10-03 19:55:02 +0000"},"done":true},"minecraft:recipes/building_blocks/stone_slab_from_stone_stonecutting":{"criteria":{"has_stone":"2024-10-03 19:55:02 +0000"},"done":true},"minecraft:recipes/building_blocks/stone_bricks_from_stone_stonecutting":{"criteria":{"has_stone":"2024-10-03 19:55:02 +0000"},"done":true},"minecraft:recipes/building_blocks/stone_slab":{"criteria":{"has_stone":"2024-10-03 19:55:02 +0000"},"done":true},"minecraft:recipes/building_blocks/chiseled_stone_bricks_stone_from_stonecutting":{"criteria":{"has_stone":"2024-10-03 19:55:02 +0000"},"done":true},"minecraft:recipes/building_blocks/stone_stairs_from_stone_stonecutting":{"criteria":{"has_stone":"2024-10-03 19:55:02 +0000"},"done":true},"minecraft:recipes/redstone/stone_button":{"criteria":{"has_stone":"2024-10-03 19:55:02 +0000"},"done":true},"minecraft:recipes/decorations/stonecutter":{"criteria":{"has_stone":"2024-10-03 19:55:02 +0000"},"done":true},"minecraft:recipes/redstone/stone_pressure_plate":{"criteria":{"has_stone":"2024-10-03 19:55:02 +0000"},"done":true},"minecraft:recipes/building_blocks/smooth_stone":{"criteria":{"has_stone":"2024-10-03 19:55:02 +0000"},"done":true},"minecraft:recipes/decorations/stone_brick_walls_from_stone_stonecutting":{"criteria":{"has_stone":"2024-10-03 19:55:02 +0000"},"done":true},"minecraft:recipes/building_blocks/stone_stairs":{"criteria":{"has_stone":"2024-10-03 19:55:02 +0000"},"done":true},"minecraft:recipes/decorations/stone_brick_wall":{"criteria":{"has_stone_bricks":"2024-10-06 09:23:07 +0000"},"done":true},"minecraft:recipes/building_blocks/stone_brick_slab_from_stone_bricks_stonecutting":{"criteria":{"has_stone_bricks":"2024-10-06 09:23:07 +0000"},"done":true},"minecraft:recipes/building_blocks/cracked_stone_bricks":{"criteria":{"has_stone_bricks":"2024-10-06 09:23:07 +0000"},"done":true},"minecraft:recipes/building_blocks/stone_brick_stairs_from_stone_bricks_stonecutting":{"criteria":{"has_stone_bricks":"2024-10-06 09:23:07 +0000"},"done":true},"minecraft:recipes/building_blocks/stone_brick_slab":{"criteria":{"has_stone_bricks":"2024-10-06 09:23:07 +0000"},"done":true},"minecraft:recipes/building_blocks/stone_brick_stairs":{"criteria":{"has_stone_bricks":"2024-10-06 09:23:07 +0000"},"done":true},"minecraft:recipes/building_blocks/chiseled_stone_bricks_from_stone_bricks_stonecutting":{"criteria":{"has_stone_bricks":"2024-10-06 09:23:07 +0000"},"done":true},"minecraft:recipes/building_blocks/chiseled_stone_bricks":{"criteria":{"has_tag":"2024-10-06 09:23:07 +0000"},"done":true},"minecraft:recipes/decorations/stone_brick_wall_from_stone_bricks_stonecutting":{"criteria":{"has_stone_bricks":"2024-10-06 09:23:07 +0000"},"done":true},"minecraft:recipes/decorations/blast_furnace":{"criteria":{"has_smooth_stone":"2024-10-06 09:39:43 +0000"},"done":true},"minecraft:recipes/building_blocks/smooth_stone_slab":{"criteria":{"has_smooth_stone":"2024-10-06 09:39:43 +0000"},"done":true},"minecraft:recipes/building_blocks/smooth_stone_slab_from_smooth_stone_stonecutting":{"criteria":{"has_smooth_stone":"2024-10-06 09:39:43 +0000"},"done":true},"minecraft:recipes/decorations/lime_stained_glass_pane":{"criteria":{"has_glass":"2024-10-06 09:40:40 +0000"},"done":true},"minecraft:recipes/decorations/red_stained_glass_pane":{"criteria":{"has_glass":"2024-10-06 09:40:44 +0000"},"done":true},"minecraft:recipes/decorations/white_stained_glass_pane":{"criteria":{"has_glass":"2024-10-06 09:40:45 +0000"},"done":true},"minecraft:recipes/decorations/light_gray_stained_glass_pane":{"criteria":{"has_glass":"2024-10-06 09:41:25 +0000"},"done":true},"minecraft:recipes/redstone/redstone_lamp":{"criteria":{"has_glowstone":"2024-10-06 09:46:20 +0000"},"done":true},"minecraft:recipes/building_blocks/spruce_planks":{"criteria":{"has_logs":"2024-10-06 09:48:07 +0000"},"done":true},"minecraft:recipes/misc/charcoal":{"criteria":{"has_log":"2024-10-06 09:48:07 +0000"},"done":true},"minecraft:recipes/decorations/spruce_hanging_sign":{"criteria":{"has_stripped_logs":"2024-10-06 09:48:07 +0000"},"done":true},"minecraft:recipes/building_blocks/stripped_spruce_wood":{"criteria":{"has_log":"2024-10-06 09:48:07 +0000"},"done":true},"minecraft:adventure/root":{"criteria":{"killed_something":"2024-10-07 14:47:47 +0000"},"done":true},"minecraft:adventure/kill_all_mobs":{"criteria":{"minecraft:zombie":"2024-10-07 14:47:47 +0000"},"done":false},"minecraft:adventure/kill_a_mob":{"criteria":{"minecraft:zombie":"2024-10-07 14:47:47 +0000"},"done":true},"minecraft:recipes/decorations/mossy_cobblestone_wall":{"criteria":{"has_mossy_cobblestone":"2024-10-07 14:54:48 +0000"},"done":true},"minecraft:recipes/building_blocks/mossy_cobblestone_slab_from_mossy_cobblestone_stonecutting":{"criteria":{"has_mossy_cobblestone":"2024-10-07 14:54:48 +0000"},"done":true},"minecraft:recipes/building_blocks/mossy_cobblestone_stairs_from_mossy_cobblestone_stonecutting":{"criteria":{"has_mossy_cobblestone":"2024-10-07 14:54:48 +0000"},"done":true},"minecraft:recipes/decorations/mossy_cobblestone_wall_from_mossy_cobblestone_stonecutting":{"criteria":{"has_mossy_cobblestone":"2024-10-07 14:54:48 +0000"},"done":true},"minecraft:recipes/building_blocks/mossy_cobblestone_slab":{"criteria":{"has_mossy_cobblestone":"2024-10-07 14:54:48 +0000"},"done":true},"minecraft:recipes/building_blocks/mossy_cobblestone_stairs":{"criteria":{"has_mossy_cobblestone":"2024-10-07 14:54:48 +0000"},"done":true},"minecraft:recipes/building_blocks/emerald_block":{"criteria":{"has_emerald":"2024-10-07 15:00:18 +0000"},"done":true},"minecraft:recipes/decorations/blue_bed":{"criteria":{"has_blue_wool":"2024-10-07 15:26:39 +0000"},"done":true},"minecraft:recipes/decorations/painting":{"criteria":{"has_wool":"2024-10-07 15:26:39 +0000"},"done":true},"minecraft:recipes/decorations/blue_carpet":{"criteria":{"has_blue_wool":"2024-10-07 15:26:39 +0000"},"done":true},"minecraft:recipes/decorations/blue_banner":{"criteria":{"has_blue_wool":"2024-10-07 15:26:39 +0000"},"done":true},"minecraft:recipes/building_blocks/diorite_stairs_from_diorite_stonecutting":{"criteria":{"has_diorite":"2024-10-07 15:26:41 +0000"},"done":true},"minecraft:recipes/building_blocks/polished_diorite":{"criteria":{"has_diorite":"2024-10-07 15:26:41 +0000"},"done":true},"minecraft:recipes/building_blocks/diorite_slab":{"criteria":{"has_diorite":"2024-10-07 15:26:41 +0000"},"done":true},"minecraft:recipes/decorations/diorite_wall_from_diorite_stonecutting":{"criteria":{"has_diorite":"2024-10-07 15:26:41 +0000"},"done":true},"minecraft:recipes/building_blocks/andesite":{"criteria":{"has_stone":"2024-10-07 15:26:41 +0000"},"done":true},"minecraft:recipes/building_blocks/polished_diorite_from_diorite_stonecutting":{"criteria":{"has_diorite":"2024-10-07 15:26:41 +0000"},"done":true},"minecraft:recipes/decorations/diorite_wall":{"criteria":{"has_diorite":"2024-10-07 15:26:41 +0000"},"done":true},"minecraft:recipes/building_blocks/diorite_slab_from_diorite_stonecutting":{"criteria":{"has_diorite":"2024-10-07 15:26:41 +0000"},"done":true},"minecraft:recipes/building_blocks/polished_diorite_slab_from_diorite_stonecutting":{"criteria":{"has_diorite":"2024-10-07 15:26:41 +0000"},"done":true},"minecraft:recipes/building_blocks/polished_diorite_stairs_from_diorite_stonecutting":{"criteria":{"has_diorite":"2024-10-07 15:26:41 +0000"},"done":true},"minecraft:recipes/building_blocks/diorite_stairs":{"criteria":{"has_diorite":"2024-10-07 15:26:41 +0000"},"done":true},"minecraft:recipes/building_blocks/warped_planks":{"criteria":{"has_logs":"2024-10-07 15:36:23 +0000"},"done":true},"minecraft:recipes/building_blocks/warped_hyphae":{"criteria":{"has_log":"2024-10-07 15:36:23 +0000"},"done":true},"minecraft:recipes/building_blocks/polished_diorite_slab":{"criteria":{"has_polished_diorite":"2024-10-07 15:39:01 +0000"},"done":true},"minecraft:recipes/building_blocks/polished_diorite_stairs":{"criteria":{"has_polished_diorite":"2024-10-07 15:39:01 +0000"},"done":true},"minecraft:recipes/building_blocks/polished_diorite_stairs_from_polished_diorite_stonecutting":{"criteria":{"has_polished_diorite":"2024-10-07 15:39:01 +0000"},"done":true},"minecraft:recipes/building_blocks/polished_diorite_slab_from_polished_diorite_stonecutting":{"criteria":{"has_polished_diorite":"2024-10-07 15:39:01 +0000"},"done":true},"minecraft:recipes/decorations/lime_stained_glass_pane_from_glass_pane":{"criteria":{"has_glass_pane":"2024-10-07 15:41:22 +0000"},"done":true},"minecraft:recipes/decorations/purple_stained_glass_pane_from_glass_pane":{"criteria":{"has_glass_pane":"2024-10-07 15:41:22 +0000"},"done":true},"minecraft:recipes/decorations/blue_stained_glass_pane_from_glass_pane":{"criteria":{"has_glass_pane":"2024-10-07 15:41:22 +0000"},"done":true},"minecraft:recipes/decorations/black_stained_glass_pane_from_glass_pane":{"criteria":{"has_glass_pane":"2024-10-07 15:41:22 +0000"},"done":true},"minecraft:recipes/decorations/light_gray_stained_glass_pane_from_glass_pane":{"criteria":{"has_glass_pane":"2024-10-07 15:41:22 +0000"},"done":true},"minecraft:recipes/decorations/yellow_stained_glass_pane_from_glass_pane":{"criteria":{"has_glass_pane":"2024-10-07 15:41:22 +0000"},"done":true},"minecraft:recipes/decorations/brown_stained_glass_pane_from_glass_pane":{"criteria":{"has_glass_pane":"2024-10-07 15:41:22 +0000"},"done":true},"minecraft:recipes/decorations/red_stained_glass_pane_from_glass_pane":{"criteria":{"has_glass_pane":"2024-10-07 15:41:22 +0000"},"done":true},"minecraft:recipes/decorations/magenta_stained_glass_pane_from_glass_pane":{"criteria":{"has_glass_pane":"2024-10-07 15:41:22 +0000"},"done":true},"minecraft:recipes/decorations/cyan_stained_glass_pane_from_glass_pane":{"criteria":{"has_glass_pane":"2024-10-07 15:41:22 +0000"},"done":true},"minecraft:recipes/decorations/orange_stained_glass_pane_from_glass_pane":{"criteria":{"has_glass_pane":"2024-10-07 15:41:22 +0000"},"done":true},"minecraft:recipes/decorations/light_blue_stained_glass_pane_from_glass_pane":{"criteria":{"has_glass_pane":"2024-10-07 15:41:22 +0000"},"done":true},"minecraft:recipes/decorations/green_stained_glass_pane_from_glass_pane":{"criteria":{"has_glass_pane":"2024-10-07 15:41:22 +0000"},"done":true},"minecraft:recipes/decorations/pink_stained_glass_pane_from_glass_pane":{"criteria":{"has_glass_pane":"2024-10-07 15:41:22 +0000"},"done":true},"minecraft:recipes/decorations/white_stained_glass_pane_from_glass_pane":{"criteria":{"has_glass_pane":"2024-10-07 15:41:22 +0000"},"done":true},"minecraft:recipes/decorations/gray_stained_glass_pane_from_glass_pane":{"criteria":{"has_glass_pane":"2024-10-07 15:41:22 +0000"},"done":true},"eroxified2:core/installed_packs":{"criteria":{"requirement":"2024-10-07 19:10:57 +0000"},"done":true},"eroxified2:core/success":{"criteria":{"requirement":"2024-10-07 19:10:57 +0000"},"done":true},"mcpaint:installed":{"criteria":{"requirement":"2024-10-07 19:10:57 +0000"},"done":true},"eroxified2:core/root":{"criteria":{"requirement":"2024-10-07 19:10:57 +0000"},"done":true},"eroxified2:core/links":{"criteria":{"requirement":"2024-10-07 19:10:57 +0000"},"done":true},"eroxified2:core/info":{"criteria":{"requirement":"2024-10-07 19:10:57 +0000"},"done":true},"minecraft:recipes/building_blocks/mud_brick_slab":{"criteria":{"has_mud_bricks":"2024-10-07 19:23:46 +0000"},"done":true},"minecraft:recipes/building_blocks/jungle_planks":{"criteria":{"has_logs":"2024-10-07 19:23:39 +0000"},"done":true},"minecraft:recipes/building_blocks/mud_brick_stairs":{"criteria":{"has_mud_bricks":"2024-10-07 19:23:46 +0000"},"done":true},"minecraft:recipes/building_blocks/mud_brick_slab_from_mud_bricks_stonecutting":{"criteria":{"has_mud_bricks":"2024-10-07 19:23:46 +0000"},"done":true},"minecraft:recipes/building_blocks/polished_andesite_stairs":{"criteria":{"has_polished_andesite":"2024-10-07 19:22:30 +0000"},"done":true},"minecraft:recipes/decorations/purple_stained_glass_pane":{"criteria":{"has_glass":"2024-10-07 19:12:10 +0000"},"done":true},"minecraft:recipes/building_blocks/polished_andesite_slab":{"criteria":{"has_polished_andesite":"2024-10-07 19:22:30 +0000"},"done":true},"minecraft:recipes/decorations/mud_brick_wall":{"criteria":{"has_mud_bricks":"2024-10-07 19:23:46 +0000"},"done":true},"minecraft:recipes/building_blocks/mud_brick_stairs_from_mud_bricks_stonecutting":{"criteria":{"has_mud_bricks":"2024-10-07 19:23:46 +0000"},"done":true},"minecraft:recipes/decorations/mud_brick_wall_from_mud_bricks_stonecutting":{"criteria":{"has_mud_bricks":"2024-10-07 19:23:46 +0000"},"done":true},"minecraft:recipes/building_blocks/mud_bricks":{"criteria":{"has_packed_mud":"2024-10-07 19:23:47 +0000"},"done":true},"minecraft:recipes/building_blocks/polished_andesite_slab_from_polished_andesite_stonecutting":{"criteria":{"has_polished_andesite":"2024-10-07 19:22:30 +0000"},"done":true},"minecraft:recipes/decorations/jungle_hanging_sign":{"criteria":{"has_stripped_logs":"2024-10-07 19:23:39 +0000"},"done":true},"minecraft:recipes/building_blocks/polished_andesite_stairs_from_polished_andesite_stonecutting":{"criteria":{"has_polished_andesite":"2024-10-07 19:22:30 +0000"},"done":true},"minecraft:recipes/building_blocks/stripped_jungle_wood":{"criteria":{"has_log":"2024-10-07 19:23:39 +0000"},"done":true},"DataVersion":3955}