{"minecraft:recipes/redstone/spruce_button":{"criteria":{"has_planks":"2024-10-03 18:25:03 +0000"},"done":true},"minecraft:recipes/building_blocks/smooth_quartz_slab_from_smooth_quartz_stonecutting":{"criteria":{"has_smooth_quartz":"2024-10-03 18:25:03 +0000"},"done":true},"minecraft:recipes/food/cake":{"criteria":{"has_egg":"2024-10-03 18:25:03 +0000"},"done":true},"minecraft:recipes/building_blocks/smooth_quartz_slab":{"criteria":{"has_smooth_quartz":"2024-10-03 18:25:03 +0000"},"done":true},"eroxified2:core/installed_packs":{"criteria":{"requirement":"2024-10-03 18:25:03 +0000"},"done":true},"mcpaint:guide/root":{"criteria":{"requirement":"2024-10-03 18:25:03 +0000"},"done":true},"eroxified2:core/success":{"criteria":{"requirement":"2024-10-03 18:25:03 +0000"},"done":true},"minecraft:recipes/redstone/spruce_pressure_plate":{"criteria":{"has_planks":"2024-10-03 18:25:03 +0000"},"done":true},"minecraft:recipes/building_blocks/waxed_copper_bulb_from_honeycomb":{"criteria":{"has_copper_bulb":"2024-10-03 18:25:03 +0000"},"done":true},"mcpaint:installed":{"criteria":{"requirement":"2024-10-03 18:25:03 +0000"},"done":true},"eroxified2:core/root":{"criteria":{"requirement":"2024-10-03 18:25:03 +0000"},"done":true},"minecraft:recipes/redstone/redstone_torch":{"criteria":{"has_redstone":"2024-10-03 18:25:03 +0000"},"done":true},"minecraft:recipes/tools/clock":{"criteria":{"has_redstone":"2024-10-03 18:25:03 +0000"},"done":true},"minecraft:recipes/decorations/spruce_sign":{"criteria":{"has_planks":"2024-10-03 18:25:03 +0000"},"done":true},"eroxified2:core/links":{"criteria":{"requirement":"2024-10-03 18:25:03 +0000"},"done":true},"minecraft:recipes/decorations/yellow_stained_glass_pane":{"criteria":{"has_glass":"2024-10-03 18:25:03 +0000"},"done":true},"minecraft:recipes/redstone/dropper":{"criteria":{"has_redstone":"2024-10-03 18:25:03 +0000"},"done":true},"minecraft:recipes/decorations/composter":{"criteria":{"has_wood_slab":"2024-10-03 18:25:03 +0000"},"done":true},"eroxified2:item.throwable/stopsound/lingering_potion":{"criteria":{"requirement":"2024-10-03 18:25:03 +0000"},"done":true},"minecraft:recipes/redstone/spruce_trapdoor":{"criteria":{"has_planks":"2024-10-03 18:25:03 +0000"},"done":true},"minecraft:recipes/redstone/spruce_door":{"criteria":{"has_planks":"2024-10-03 18:25:03 +0000"},"done":true},"minecraft:recipes/redstone/spruce_fence_gate":{"criteria":{"has_planks":"2024-10-03 18:25:03 +0000"},"done":true},"minecraft:recipes/decorations/crafting_table":{"criteria":{"unlock_right_away":"2024-10-03 18:25:03 +0000"},"done":true},"minecraft:recipes/decorations/chest":{"criteria":{"has_lots_of_items":"2024-10-03 18:25:03 +0000"},"done":true},"minecraft:recipes/misc/stick":{"criteria":{"has_planks":"2024-10-03 18:25:03 +0000"},"done":true},"automaticons:progression/root":{"criteria":{"requirement":"2024-10-03 18:25:03 +0000"},"done":true},"minecraft:recipes/brewing/cauldron":{"criteria":{"has_water_bucket":"2024-10-03 18:25:03 +0000"},"done":true},"minecraft:recipes/redstone/redstone_block":{"criteria":{"has_redstone":"2024-10-03 18:25:03 +0000"},"done":true},"minecraft:adventure/adventuring_time":{"criteria":{"minecraft:taiga":"2024-10-03 18:25:08 +0000","minecraft:deep_frozen_ocean":"2024-10-03 18:25:04 +0000","minecraft:river":"2024-10-03 18:25:22 +0000","minecraft:meadow":"2024-10-03 18:25:41 +0000"},"done":false},"minecraft:recipes/decorations/barrel":{"criteria":{"has_wood_slab":"2024-10-03 18:25:03 +0000"},"done":true},"minecraft:recipes/redstone/redstone":{"criteria":{"has_redstone_block":"2024-10-03 18:25:03 +0000"},"done":true},"minecraft:recipes/redstone/note_block":{"criteria":{"has_redstone":"2024-10-03 18:25:03 +0000"},"done":true},"minecraft:recipes/redstone/target":{"criteria":{"has_redstone":"2024-10-03 18:25:03 +0000"},"done":true},"minecraft:recipes/decorations/spruce_fence":{"criteria":{"has_planks":"2024-10-03 18:25:03 +0000"},"done":true},"minecraft:recipes/building_blocks/spruce_stairs":{"criteria":{"has_planks":"2024-10-03 18:25:03 +0000"},"done":true},"minecraft:recipes/building_blocks/spruce_slab":{"criteria":{"has_planks":"2024-10-03 18:25:03 +0000"},"done":true},"minecraft:recipes/building_blocks/smooth_quartz_stairs":{"criteria":{"has_smooth_quartz":"2024-10-03 18:25:03 +0000"},"done":true},"minecraft:recipes/tools/compass":{"criteria":{"has_redstone":"2024-10-03 18:25:03 +0000"},"done":true},"minecraft:recipes/building_blocks/smooth_quartz_stairs_from_smooth_quartz_stonecutting":{"criteria":{"has_smooth_quartz":"2024-10-03 18:25:03 +0000"},"done":true},"eroxified2:core/info":{"criteria":{"requirement":"2024-10-03 18:25:03 +0000"},"done":true},"minecraft:recipes/redstone/piston":{"criteria":{"has_redstone":"2024-10-03 18:25:03 +0000"},"done":true},"DataVersion":3955}