{"minecraft:recipes/transportation/mangrove_boat":{"criteria":{"in_water":"2024-10-01 15:52:58 +0000"},"done":true},"minecraft:recipes/food/cake":{"criteria":{"has_egg":"2024-10-01 16:05:47 +0000"},"done":true},"eroxified2:core/installed_packs":{"criteria":{"requirement":"2024-10-01 15:42:48 +0000"},"done":true},"minecraft:husbandry/tame_an_animal":{"criteria":{"tamed_animal":"2024-10-01 16:01:23 +0000"},"done":true},"mcpaint:guide/root":{"criteria":{"requirement":"2024-10-01 15:43:23 +0000"},"done":true},"eroxified2:core/success":{"criteria":{"requirement":"2024-10-01 15:42:48 +0000"},"done":true},"mcpaint:installed":{"criteria":{"requirement":"2024-10-01 15:42:48 +0000"},"done":true},"eroxified2:core/root":{"criteria":{"requirement":"2024-10-01 15:42:48 +0000"},"done":true},"eroxified2:core/links":{"criteria":{"requirement":"2024-10-01 15:42:48 +0000"},"done":true},"eroxified2:item.throwable/stopsound/lingering_potion":{"criteria":{"requirement":"2024-10-01 15:42:48 +0000"},"done":true},"minecraft:recipes/decorations/crafting_table":{"criteria":{"unlock_right_away":"2024-10-01 15:42:48 +0000"},"done":true},"automaticons:progression/root":{"criteria":{"requirement":"2024-10-01 15:42:48 +0000"},"done":true},"minecraft:adventure/sleep_in_bed":{"criteria":{"slept_in_bed":"2024-10-01 15:49:02 +0000"},"done":true},"minecraft:recipes/transportation/acacia_boat":{"criteria":{"in_water":"2024-10-01 15:52:58 +0000"},"done":true},"minecraft:recipes/transportation/cherry_boat":{"criteria":{"in_water":"2024-10-01 15:52:58 +0000"},"done":true},"minecraft:recipes/misc/red_dye_from_poppy":{"criteria":{"has_poppy":"2024-10-01 15:43:23 +0000"},"done":true},"minecraft:adventure/adventuring_time":{"criteria":{"minecraft:forest":"2024-10-01 15:56:49 +0000","minecraft:taiga":"2024-10-01 15:42:49 +0000","minecraft:deep_dark":"2024-10-01 16:08:16 +0000","minecraft:river":"2024-10-01 15:43:56 +0000","minecraft:meadow":"2024-10-01 15:44:07 +0000","minecraft:lush_caves":"2024-10-01 15:53:23 +0000","minecraft:dripstone_caves":"2024-10-01 16:07:41 +0000"},"done":false},"minecraft:recipes/transportation/bamboo_raft":{"criteria":{"in_water":"2024-10-01 15:52:58 +0000"},"done":true},"minecraft:recipes/transportation/spruce_boat":{"criteria":{"in_water":"2024-10-01 15:52:58 +0000"},"done":true},"minecraft:recipes/transportation/birch_boat":{"criteria":{"in_water":"2024-10-01 15:52:58 +0000"},"done":true},"minecraft:recipes/building_blocks/blue_ice":{"criteria":{"has_packed_ice":"2024-10-01 15:50:50 +0000"},"done":true},"minecraft:recipes/transportation/oak_boat":{"criteria":{"in_water":"2024-10-01 15:52:58 +0000"},"done":true},"mcpaint:guide/apply_egg":{"criteria":{"requirement":"2024-10-01 16:05:53 +0000"},"done":true},"minecraft:recipes/transportation/jungle_boat":{"criteria":{"in_water":"2024-10-01 15:52:58 +0000"},"done":true},"eroxified2:core/info":{"criteria":{"requirement":"2024-10-01 15:42:48 +0000"},"done":true},"minecraft:recipes/transportation/dark_oak_boat":{"criteria":{"in_water":"2024-10-01 15:52:58 +0000"},"done":true},"DataVersion":3955}