{"minecraft:recipes/building_blocks/dark_oak_slab":{"criteria":{"has_planks":"2024-10-07 10:26:04 +0000"},"done":true},"minecraft:recipes/redstone/spruce_button":{"criteria":{"has_planks":"2024-10-07 10:26:04 +0000"},"done":true},"minecraft:recipes/misc/flower_banner_pattern":{"criteria":{"has_oxeye_daisy":"2024-10-07 10:26:04 +0000"},"done":true},"minecraft:recipes/redstone/dark_oak_door":{"criteria":{"has_planks":"2024-10-07 10:26:04 +0000"},"done":true},"minecraft:recipes/decorations/stone_brick_wall":{"criteria":{"has_stone_bricks":"2024-10-07 10:26:04 +0000"},"done":true},"minecraft:recipes/redstone/dark_oak_fence_gate":{"criteria":{"has_planks":"2024-10-07 10:26:04 +0000"},"done":true},"minecraft:recipes/building_blocks/cracked_nether_bricks":{"criteria":{"has_nether_bricks":"2024-10-07 10:26:04 +0000"},"done":true},"eroxified2:core/installed_packs":{"criteria":{"requirement":"2024-10-07 10:26:04 +0000"},"done":true},"mcpaint:guide/root":{"criteria":{"requirement":"2024-10-07 10:26:04 +0000"},"done":true},"eroxified2:core/success":{"criteria":{"requirement":"2024-10-07 10:26:04 +0000"},"done":true},"minecraft:recipes/redstone/spruce_pressure_plate":{"criteria":{"has_planks":"2024-10-07 10:26:04 +0000"},"done":true},"minecraft:recipes/redstone/dark_oak_trapdoor":{"criteria":{"has_planks":"2024-10-07 10:26:04 +0000"},"done":true},"mcpaint:installed":{"criteria":{"requirement":"2024-10-07 10:26:04 +0000"},"done":true},"minecraft:recipes/building_blocks/stone_brick_slab_from_stone_bricks_stonecutting":{"criteria":{"has_stone_bricks":"2024-10-07 10:26:04 +0000"},"done":true},"minecraft:recipes/building_blocks/cracked_stone_bricks":{"criteria":{"has_stone_bricks":"2024-10-07 10:26:04 +0000"},"done":true},"minecraft:recipes/building_blocks/stone_brick_stairs_from_stone_bricks_stonecutting":{"criteria":{"has_stone_bricks":"2024-10-07 10:26:04 +0000"},"done":true},"eroxified2:core/root":{"criteria":{"requirement":"2024-10-07 10:26:04 +0000"},"done":true},"minecraft:recipes/misc/charcoal":{"criteria":{"has_log":"2024-10-07 10:26:04 +0000"},"done":true},"minecraft:recipes/building_blocks/stone_brick_slab":{"criteria":{"has_stone_bricks":"2024-10-07 10:26:04 +0000"},"done":true},"minecraft:recipes/building_blocks/stone_brick_stairs":{"criteria":{"has_stone_bricks":"2024-10-07 10:26:04 +0000"},"done":true},"minecraft:recipes/decorations/spruce_sign":{"criteria":{"has_planks":"2024-10-07 10:26:04 +0000"},"done":true},"minecraft:recipes/building_blocks/chiseled_nether_bricks_from_nether_bricks_stonecutting":{"criteria":{"has_nether_bricks":"2024-10-07 10:26:04 +0000"},"done":true},"minecraft:recipes/building_blocks/chiseled_stone_bricks_from_stone_bricks_stonecutting":{"criteria":{"has_stone_bricks":"2024-10-07 10:26:04 +0000"},"done":true},"eroxified2:core/links":{"criteria":{"requirement":"2024-10-07 10:26:04 +0000"},"done":true},"eroxified2:item.throwable/stopsound/lingering_potion":{"criteria":{"requirement":"2024-10-07 10:26:05 +0000"},"done":true},"minecraft:recipes/building_blocks/nether_brick_stairs":{"criteria":{"has_nether_bricks":"2024-10-07 10:26:04 +0000"},"done":true},"minecraft:recipes/redstone/spruce_trapdoor":{"criteria":{"has_planks":"2024-10-07 10:26:04 +0000"},"done":true},"minecraft:recipes/decorations/purple_stained_glass_pane":{"criteria":{"has_glass":"2024-10-07 10:26:04 +0000"},"done":true},"minecraft:recipes/redstone/spruce_door":{"criteria":{"has_planks":"2024-10-07 10:26:04 +0000"},"done":true},"minecraft:recipes/building_blocks/chiseled_stone_bricks":{"criteria":{"has_tag":"2024-10-07 10:26:04 +0000"},"done":true},"minecraft:recipes/building_blocks/nether_brick_slab":{"criteria":{"has_nether_bricks":"2024-10-07 10:26:04 +0000"},"done":true},"minecraft:recipes/redstone/spruce_fence_gate":{"criteria":{"has_planks":"2024-10-07 10:26:04 +0000"},"done":true},"minecraft:recipes/decorations/crafting_table":{"criteria":{"unlock_right_away":"2024-10-07 10:26:05 +0000"},"done":true},"minecraft:recipes/decorations/chest":{"criteria":{"has_lots_of_items":"2024-10-07 10:26:04 +0000"},"done":true},"minecraft:story/shiny_gear":{"criteria":{"diamond_boots":"2024-10-07 10:26:04 +0000"},"done":true},"minecraft:end/elytra":{"criteria":{"elytra":"2024-10-07 10:26:04 +0000"},"done":true},"minecraft:recipes/redstone/dark_oak_button":{"criteria":{"has_planks":"2024-10-07 10:26:04 +0000"},"done":true},"minecraft:recipes/misc/stick":{"criteria":{"has_planks":"2024-10-07 10:26:04 +0000"},"done":true},"automaticons:progression/root":{"criteria":{"requirement":"2024-10-07 10:26:05 +0000"},"done":true},"minecraft:recipes/brewing/cauldron":{"criteria":{"has_water_bucket":"2024-10-07 10:26:04 +0000"},"done":true},"minecraft:recipes/decorations/nether_brick_wall_from_nether_bricks_stonecutting":{"criteria":{"has_nether_bricks":"2024-10-07 10:26:04 +0000"},"done":true},"minecraft:recipes/building_blocks/nether_brick_stairs_from_nether_bricks_stonecutting":{"criteria":{"has_nether_bricks":"2024-10-07 10:26:04 +0000"},"done":true},"minecraft:recipes/building_blocks/oak_planks":{"criteria":{"has_logs":"2024-10-07 10:26:04 +0000"},"done":true},"minecraft:recipes/building_blocks/chiseled_nether_bricks":{"criteria":{"has_nether_brick_slab":"2024-10-07 10:29:07 +0000"},"done":true},"minecraft:recipes/building_blocks/nether_brick_slab_from_nether_bricks_stonecutting":{"criteria":{"has_nether_bricks":"2024-10-07 10:26:04 +0000"},"done":true},"minecraft:adventure/adventuring_time":{"criteria":{"minecraft:meadow":"2024-10-07 10:26:05 +0000"},"done":false},"minecraft:recipes/decorations/barrel":{"criteria":{"has_planks":"2024-10-07 10:26:04 +0000"},"done":true},"minecraft:recipes/misc/light_gray_dye_from_oxeye_daisy":{"criteria":{"has_oxeye_daisy":"2024-10-07 10:26:04 +0000"},"done":true},"minecraft:recipes/decorations/nether_brick_wall":{"criteria":{"has_nether_bricks":"2024-10-07 10:26:04 +0000"},"done":true},"minecraft:recipes/decorations/spruce_fence":{"criteria":{"has_planks":"2024-10-07 10:26:04 +0000"},"done":true},"minecraft:recipes/building_blocks/dark_oak_stairs":{"criteria":{"has_planks":"2024-10-07 10:26:04 +0000"},"done":true},"minecraft:recipes/decorations/dark_oak_sign":{"criteria":{"has_planks":"2024-10-07 10:26:04 +0000"},"done":true},"minecraft:recipes/building_blocks/spruce_stairs":{"criteria":{"has_planks":"2024-10-07 10:26:04 +0000"},"done":true},"minecraft:recipes/decorations/stone_brick_wall_from_stone_bricks_stonecutting":{"criteria":{"has_stone_bricks":"2024-10-07 10:26:04 +0000"},"done":true},"minecraft:recipes/building_blocks/spruce_slab":{"criteria":{"has_planks":"2024-10-07 10:26:04 +0000"},"done":true},"minecraft:recipes/building_blocks/oak_wood":{"criteria":{"has_log":"2024-10-07 10:26:04 +0000"},"done":true},"minecraft:recipes/redstone/dark_oak_pressure_plate":{"criteria":{"has_planks":"2024-10-07 10:26:04 +0000"},"done":true},"minecraft:recipes/decorations/nether_brick_fence":{"criteria":{"has_nether_bricks":"2024-10-07 10:26:04 +0000"},"done":true},"eroxified2:core/info":{"criteria":{"requirement":"2024-10-07 10:26:04 +0000"},"done":true},"minecraft:recipes/decorations/dark_oak_fence":{"criteria":{"has_planks":"2024-10-07 10:26:04 +0000"},"done":true},"DataVersion":3955}