{"minecraft:recipes/building_blocks/dark_oak_slab":{"criteria":{"has_planks":"2024-10-07 10:26:04 +0000"},"done":true},"minecraft:recipes/redstone/spruce_button":{"criteria":{"has_planks":"2024-10-07 10:26:04 +0000"},"done":true},"minecraft:recipes/misc/flower_banner_pattern":{"criteria":{"has_oxeye_daisy":"2024-10-07 10:26:04 +0000"},"done":true},"minecraft:recipes/redstone/dark_oak_door":{"criteria":{"has_planks":"2024-10-07 10:26:04 +0000"},"done":true},"minecraft:recipes/decorations/stone_brick_wall":{"criteria":{"has_stone_bricks":"2024-10-07 10:26:04 +0000"},"done":true},"minecraft:recipes/redstone/dark_oak_fence_gate":{"criteria":{"has_planks":"2024-10-07 10:26:04 +0000"},"done":true},"minecraft:recipes/building_blocks/cracked_nether_bricks":{"criteria":{"has_nether_bricks":"2024-10-07 10:26:04 +0000"},"done":true},"mcpaint:guide/root":{"criteria":{"requirement":"2024-10-07 10:26:04 +0000"},"done":true},"minecraft:recipes/redstone/spruce_pressure_plate":{"criteria":{"has_planks":"2024-10-07 10:26:04 +0000"},"done":true},"minecraft:recipes/redstone/dark_oak_trapdoor":{"criteria":{"has_planks":"2024-10-07 10:26:04 +0000"},"done":true},"minecraft:recipes/building_blocks/stone_brick_slab_from_stone_bricks_stonecutting":{"criteria":{"has_stone_bricks":"2024-10-07 10:26:04 +0000"},"done":true},"minecraft:recipes/building_blocks/cracked_stone_bricks":{"criteria":{"has_stone_bricks":"2024-10-07 10:26:04 +0000"},"done":true},"minecraft:recipes/building_blocks/stone_brick_stairs_from_stone_bricks_stonecutting":{"criteria":{"has_stone_bricks":"2024-10-07 10:26:04 +0000"},"done":true},"minecraft:recipes/misc/charcoal":{"criteria":{"has_log":"2024-10-07 10:26:04 +0000"},"done":true},"minecraft:recipes/building_blocks/stone_brick_slab":{"criteria":{"has_stone_bricks":"2024-10-07 10:26:04 +0000"},"done":true},"minecraft:recipes/building_blocks/stone_brick_stairs":{"criteria":{"has_stone_bricks":"2024-10-07 10:26:04 +0000"},"done":true},"minecraft:recipes/decorations/spruce_sign":{"criteria":{"has_planks":"2024-10-07 10:26:04 +0000"},"done":true},"minecraft:recipes/building_blocks/chiseled_nether_bricks_from_nether_bricks_stonecutting":{"criteria":{"has_nether_bricks":"2024-10-07 10:26:04 +0000"},"done":true},"minecraft:recipes/building_blocks/chiseled_stone_bricks_from_stone_bricks_stonecutting":{"criteria":{"has_stone_bricks":"2024-10-07 10:26:04 +0000"},"done":true},"minecraft:recipes/building_blocks/nether_brick_stairs":{"criteria":{"has_nether_bricks":"2024-10-07 10:26:04 +0000"},"done":true},"minecraft:recipes/redstone/spruce_trapdoor":{"criteria":{"has_planks":"2024-10-07 10:26:04 +0000"},"done":true},"minecraft:recipes/decorations/purple_stained_glass_pane":{"criteria":{"has_glass":"2024-10-07 10:26:04 +0000"},"done":true},"minecraft:recipes/redstone/spruce_door":{"criteria":{"has_planks":"2024-10-07 10:26:04 +0000"},"done":true},"minecraft:recipes/building_blocks/chiseled_stone_bricks":{"criteria":{"has_tag":"2024-10-07 10:26:04 +0000"},"done":true},"minecraft:recipes/building_blocks/nether_brick_slab":{"criteria":{"has_nether_bricks":"2024-10-07 10:26:04 +0000"},"done":true},"minecraft:recipes/redstone/spruce_fence_gate":{"criteria":{"has_planks":"2024-10-07 10:26:04 +0000"},"done":true},"minecraft:recipes/decorations/chest":{"criteria":{"has_lots_of_items":"2024-10-07 10:26:04 +0000"},"done":true},"minecraft:story/shiny_gear":{"criteria":{"diamond_boots":"2024-10-07 10:26:04 +0000"},"done":true},"minecraft:end/elytra":{"criteria":{"elytra":"2024-10-07 10:26:04 +0000"},"done":true},"minecraft:recipes/redstone/dark_oak_button":{"criteria":{"has_planks":"2024-10-07 10:26:04 +0000"},"done":true},"minecraft:recipes/misc/stick":{"criteria":{"has_planks":"2024-10-07 10:26:04 +0000"},"done":true},"minecraft:recipes/brewing/cauldron":{"criteria":{"has_water_bucket":"2024-10-07 10:26:04 +0000"},"done":true},"minecraft:recipes/decorations/nether_brick_wall_from_nether_bricks_stonecutting":{"criteria":{"has_nether_bricks":"2024-10-07 10:26:04 +0000"},"done":true},"minecraft:recipes/building_blocks/nether_brick_stairs_from_nether_bricks_stonecutting":{"criteria":{"has_nether_bricks":"2024-10-07 10:26:04 +0000"},"done":true},"minecraft:recipes/building_blocks/oak_planks":{"criteria":{"has_logs":"2024-10-07 10:26:04 +0000"},"done":true},"minecraft:recipes/building_blocks/nether_brick_slab_from_nether_bricks_stonecutting":{"criteria":{"has_nether_bricks":"2024-10-07 10:26:04 +0000"},"done":true},"minecraft:recipes/decorations/barrel":{"criteria":{"has_planks":"2024-10-07 10:26:04 +0000"},"done":true},"minecraft:recipes/misc/light_gray_dye_from_oxeye_daisy":{"criteria":{"has_oxeye_daisy":"2024-10-07 10:26:04 +0000"},"done":true},"minecraft:recipes/decorations/nether_brick_wall":{"criteria":{"has_nether_bricks":"2024-10-07 10:26:04 +0000"},"done":true},"minecraft:recipes/decorations/spruce_fence":{"criteria":{"has_planks":"2024-10-07 10:26:04 +0000"},"done":true},"minecraft:recipes/building_blocks/dark_oak_stairs":{"criteria":{"has_planks":"2024-10-07 10:26:04 +0000"},"done":true},"minecraft:recipes/decorations/dark_oak_sign":{"criteria":{"has_planks":"2024-10-07 10:26:04 +0000"},"done":true},"minecraft:recipes/building_blocks/spruce_stairs":{"criteria":{"has_planks":"2024-10-07 10:26:04 +0000"},"done":true},"minecraft:recipes/decorations/stone_brick_wall_from_stone_bricks_stonecutting":{"criteria":{"has_stone_bricks":"2024-10-07 10:26:04 +0000"},"done":true},"minecraft:recipes/building_blocks/spruce_slab":{"criteria":{"has_planks":"2024-10-07 10:26:04 +0000"},"done":true},"minecraft:recipes/building_blocks/oak_wood":{"criteria":{"has_log":"2024-10-07 10:26:04 +0000"},"done":true},"minecraft:recipes/redstone/dark_oak_pressure_plate":{"criteria":{"has_planks":"2024-10-07 10:26:04 +0000"},"done":true},"minecraft:recipes/decorations/nether_brick_fence":{"criteria":{"has_nether_bricks":"2024-10-07 10:26:04 +0000"},"done":true},"minecraft:recipes/decorations/dark_oak_fence":{"criteria":{"has_planks":"2024-10-07 10:26:04 +0000"},"done":true},"eroxified2:item.throwable/stopsound/lingering_potion":{"criteria":{"requirement":"2024-10-07 10:26:05 +0000"},"done":true},"minecraft:recipes/decorations/crafting_table":{"criteria":{"unlock_right_away":"2024-10-07 10:26:05 +0000"},"done":true},"automaticons:progression/root":{"criteria":{"requirement":"2024-10-07 10:26:05 +0000"},"done":true},"minecraft:adventure/adventuring_time":{"criteria":{"minecraft:deep_cold_ocean":"2024-10-07 10:59:30 +0000","minecraft:mushroom_fields":"2024-10-07 11:12:30 +0000","minecraft:forest":"2024-10-07 11:06:45 +0000","minecraft:taiga":"2024-10-07 11:11:27 +0000","minecraft:deep_frozen_ocean":"2024-10-07 11:12:12 +0000","minecraft:river":"2024-10-07 11:11:31 +0000","minecraft:grove":"2024-10-07 10:56:54 +0000","minecraft:meadow":"2024-10-07 10:26:05 +0000","minecraft:jagged_peaks":"2024-10-07 11:00:06 +0000"},"done":false},"minecraft:recipes/building_blocks/chiseled_nether_bricks":{"criteria":{"has_nether_brick_slab":"2024-10-07 10:29:07 +0000"},"done":true},"minecraft:recipes/redstone/redstone_lamp":{"criteria":{"has_glowstone":"2024-10-07 10:50:28 +0000"},"done":true},"minecraft:recipes/building_blocks/spruce_planks":{"criteria":{"has_logs":"2024-10-07 10:51:11 +0000"},"done":true},"minecraft:recipes/building_blocks/spruce_wood":{"criteria":{"has_log":"2024-10-07 10:51:11 +0000"},"done":true},"minecraft:recipes/transportation/mangrove_boat":{"criteria":{"in_water":"2024-10-07 10:59:32 +0000"},"done":true},"minecraft:recipes/transportation/acacia_boat":{"criteria":{"in_water":"2024-10-07 10:59:32 +0000"},"done":true},"minecraft:recipes/transportation/cherry_boat":{"criteria":{"in_water":"2024-10-07 10:59:32 +0000"},"done":true},"minecraft:recipes/transportation/bamboo_raft":{"criteria":{"in_water":"2024-10-07 10:59:32 +0000"},"done":true},"minecraft:recipes/transportation/spruce_boat":{"criteria":{"in_water":"2024-10-07 10:59:32 +0000"},"done":true},"minecraft:recipes/transportation/birch_boat":{"criteria":{"in_water":"2024-10-07 10:59:32 +0000"},"done":true},"minecraft:recipes/transportation/oak_boat":{"criteria":{"in_water":"2024-10-07 10:59:32 +0000"},"done":true},"minecraft:recipes/transportation/jungle_boat":{"criteria":{"in_water":"2024-10-07 10:59:32 +0000"},"done":true},"minecraft:recipes/transportation/dark_oak_boat":{"criteria":{"in_water":"2024-10-07 10:59:32 +0000"},"done":true},"minecraft:recipes/decorations/composter":{"criteria":{"has_wood_slab":"2024-10-07 11:04:03 +0000"},"done":true},"minecraft:recipes/misc/white_dye":{"criteria":{"has_bone_meal":"2024-10-07 11:14:41 +0000"},"done":true},"minecraft:recipes/building_blocks/bone_block":{"criteria":{"has_bone_meal":"2024-10-07 11:14:41 +0000"},"done":true},"minecraft:recipes/misc/slime_ball":{"criteria":{"has_slime_block":"2024-10-07 11:15:36 +0000"},"done":true},"minecraft:recipes/misc/bowl":{"criteria":{"has_red_mushroom":"2024-10-07 11:16:49 +0000"},"done":true},"minecraft:recipes/food/mushroom_stew":{"criteria":{"has_red_mushroom":"2024-10-07 11:16:49 +0000"},"done":true},"minecraft:recipes/misc/light_blue_dye_from_blue_orchid":{"criteria":{"has_blue_orchid":"2024-10-07 19:23:09 +0000"},"done":true},"minecraft:recipes/redstone/lever":{"criteria":{"has_cobblestone":"2024-10-07 19:30:31 +0000"},"done":true},"minecraft:recipes/combat/stone_sword":{"criteria":{"has_cobblestone":"2024-10-07 19:30:31 +0000"},"done":true},"minecraft:recipes/decorations/cobblestone_wall":{"criteria":{"has_cobblestone":"2024-10-07 19:30:31 +0000"},"done":true},"minecraft:recipes/tools/stone_pickaxe":{"criteria":{"has_cobblestone":"2024-10-07 19:30:31 +0000"},"done":true},"minecraft:recipes/tools/stone_axe":{"criteria":{"has_cobblestone":"2024-10-07 19:30:31 +0000"},"done":true},"minecraft:story/mine_stone":{"criteria":{"get_stone":"2024-10-07 19:30:31 +0000"},"done":true},"minecraft:recipes/decorations/furnace":{"criteria":{"has_cobblestone":"2024-10-07 19:30:31 +0000"},"done":true},"minecraft:recipes/building_blocks/cobblestone_slab":{"criteria":{"has_cobblestone":"2024-10-07 19:30:31 +0000"},"done":true},"minecraft:recipes/building_blocks/cobblestone_slab_from_cobblestone_stonecutting":{"criteria":{"has_cobblestone":"2024-10-07 19:30:31 +0000"},"done":true},"minecraft:recipes/building_blocks/stone":{"criteria":{"has_cobblestone":"2024-10-07 19:30:31 +0000"},"done":true},"minecraft:recipes/decorations/cobblestone_wall_from_cobblestone_stonecutting":{"criteria":{"has_cobblestone":"2024-10-07 19:30:31 +0000"},"done":true},"minecraft:recipes/building_blocks/cobblestone_stairs_from_cobblestone_stonecutting":{"criteria":{"has_cobblestone":"2024-10-07 19:30:31 +0000"},"done":true},"minecraft:recipes/building_blocks/cobblestone_stairs":{"criteria":{"has_cobblestone":"2024-10-07 19:30:31 +0000"},"done":true},"minecraft:recipes/tools/stone_hoe":{"criteria":{"has_cobblestone":"2024-10-07 19:30:31 +0000"},"done":true},"minecraft:recipes/tools/stone_shovel":{"criteria":{"has_cobblestone":"2024-10-07 19:30:31 +0000"},"done":true},"minecraft:recipes/misc/nether_brick":{"criteria":{"has_netherrack":"2024-10-07 19:32:23 +0000"},"done":true},"minecraft:adventure/root":{"criteria":{"killed_by_something":"2024-10-07 19:47:25 +0000"},"done":true},"eroxified2:core/installed_packs":{"criteria":{"requirement":"2024-10-09 17:04:03 +0000"},"done":true},"eroxified2:core/success":{"criteria":{"requirement":"2024-10-09 17:04:03 +0000"},"done":true},"mcpaint:installed":{"criteria":{"requirement":"2024-10-09 17:04:03 +0000"},"done":true},"eroxified2:core/root":{"criteria":{"requirement":"2024-10-09 17:04:03 +0000"},"done":true},"eroxified2:core/links":{"criteria":{"requirement":"2024-10-09 17:04:03 +0000"},"done":true},"eroxified2:core/info":{"criteria":{"requirement":"2024-10-09 17:04:03 +0000"},"done":true},"minecraft:recipes/transportation/warped_fungus_on_a_stick":{"criteria":{"has_warped_fungus":"2024-10-09 16:45:30 +0000"},"done":true},"minecraft:nether/obtain_crying_obsidian":{"criteria":{"crying_obsidian":"2024-10-09 16:45:42 +0000"},"done":true},"minecraft:recipes/decorations/respawn_anchor":{"criteria":{"has_obsidian":"2024-10-09 16:45:42 +0000"},"done":true},"minecraft:story/root":{"criteria":{"crafting_table":"2024-10-09 16:56:32 +0000"},"done":true},"minecraft:recipes/decorations/smoker":{"criteria":{"has_furnace":"2024-10-09 16:56:37 +0000"},"done":true},"minecraft:recipes/misc/lapis_lazuli_from_smelting_deepslate_lapis_ore":{"criteria":{"has_deepslate_lapis_ore":"2024-10-09 18:07:15 +0000"},"done":true},"minecraft:recipes/building_blocks/dye_purple_wool":{"criteria":{"has_needed_dye":"2024-10-09 17:22:14 +0000"},"done":true},"minecraft:recipes/decorations/lime_stained_glass_pane_from_glass_pane":{"criteria":{"has_glass_pane":"2024-10-09 17:51:16 +0000"},"done":true},"minecraft:recipes/building_blocks/chiseled_polished_blackstone":{"criteria":{"has_polished_blackstone_slab":"2024-10-09 17:53:53 +0000"},"done":true},"minecraft:recipes/building_blocks/bookshelf":{"criteria":{"has_book":"2024-10-09 17:11:02 +0000"},"done":true},"minecraft:recipes/decorations/purple_stained_glass_pane_from_glass_pane":{"criteria":{"has_purple_dye":"2024-10-09 17:22:14 +0000"},"done":true},"minecraft:recipes/decorations/blue_stained_glass_pane_from_glass_pane":{"criteria":{"has_glass_pane":"2024-10-09 17:51:16 +0000"},"done":true},"minecraft:recipes/building_blocks/dye_purple_carpet":{"criteria":{"has_needed_dye":"2024-10-09 17:22:14 +0000"},"done":true},"minecraft:nether/get_wither_skull":{"criteria":{"wither_skull":"2024-10-09 18:07:47 +0000"},"done":true},"minecraft:recipes/decorations/black_stained_glass_pane_from_glass_pane":{"criteria":{"has_glass_pane":"2024-10-09 17:51:16 +0000"},"done":true},"minecraft:adventure/salvage_sherd":{"criteria":{"has_sherd":"2024-10-09 17:18:28 +0000"},"done":false},"minecraft:recipes/decorations/purple_candle":{"criteria":{"has_purple_dye":"2024-10-09 17:22:14 +0000"},"done":true},"minecraft:recipes/decorations/light_gray_stained_glass_pane_from_glass_pane":{"criteria":{"has_glass_pane":"2024-10-09 17:51:16 +0000"},"done":true},"minecraft:recipes/decorations/soul_campfire":{"criteria":{"has_soul_sand":"2024-10-09 18:06:20 +0000"},"done":true},"minecraft:recipes/decorations/yellow_stained_glass_pane_from_glass_pane":{"criteria":{"has_glass_pane":"2024-10-09 17:51:16 +0000"},"done":true},"minecraft:recipes/misc/pumpkin_seeds":{"criteria":{"has_pumpkin":"2024-10-09 17:13:42 +0000"},"done":true},"minecraft:recipes/redstone/dispenser":{"criteria":{"has_bow":"2024-10-09 18:40:08 +0000"},"done":true},"minecraft:recipes/redstone/lectern":{"criteria":{"has_book":"2024-10-09 17:11:02 +0000"},"done":true},"minecraft:recipes/misc/magenta_dye_from_purple_and_pink":{"criteria":{"has_purple_dye":"2024-10-09 17:22:14 +0000"},"done":true},"minecraft:adventure/kill_all_mobs":{"criteria":{"minecraft:skeleton":"2024-10-09 18:40:06 +0000","minecraft:creeper":"2024-10-09 18:40:03 +0000"},"done":false},"minecraft:recipes/decorations/brown_stained_glass_pane_from_glass_pane":{"criteria":{"has_glass_pane":"2024-10-09 17:51:16 +0000"},"done":true},"minecraft:recipes/decorations/red_stained_glass_pane_from_glass_pane":{"criteria":{"has_glass_pane":"2024-10-09 17:51:16 +0000"},"done":true},"minecraft:recipes/decorations/magenta_stained_glass_pane_from_glass_pane":{"criteria":{"has_glass_pane":"2024-10-09 17:51:16 +0000"},"done":true},"minecraft:recipes/building_blocks/chiseled_bookshelf":{"criteria":{"has_book":"2024-10-09 17:11:02 +0000"},"done":true},"minecraft:recipes/decorations/cyan_stained_glass_pane_from_glass_pane":{"criteria":{"has_glass_pane":"2024-10-09 17:51:16 +0000"},"done":true},"minecraft:recipes/building_blocks/waxed_exposed_copper_door_from_honeycomb":{"criteria":{"has_exposed_copper_door":"2024-10-09 17:15:54 +0000"},"done":true},"minecraft:recipes/misc/bone_meal":{"criteria":{"has_bone":"2024-10-09 18:40:08 +0000"},"done":true},"minecraft:adventure/kill_a_mob":{"criteria":{"minecraft:creeper":"2024-10-09 18:40:03 +0000"},"done":true},"mcpaint:recipe_unlock/paint_bucket":{"criteria":{"has_ingredients":"2024-10-09 17:22:14 +0000"},"done":true},"minecraft:recipes/decorations/orange_stained_glass_pane_from_glass_pane":{"criteria":{"has_glass_pane":"2024-10-09 17:51:16 +0000"},"done":true},"minecraft:recipes/decorations/light_blue_stained_glass_pane_from_glass_pane":{"criteria":{"has_glass_pane":"2024-10-09 17:51:16 +0000"},"done":true},"minecraft:recipes/decorations/soul_torch":{"criteria":{"has_soul_sand":"2024-10-09 18:06:20 +0000"},"done":true},"minecraft:recipes/misc/writable_book":{"criteria":{"has_book":"2024-10-09 17:11:02 +0000"},"done":true},"minecraft:recipes/misc/lapis_lazuli_from_blasting_deepslate_lapis_ore":{"criteria":{"has_deepslate_lapis_ore":"2024-10-09 18:07:15 +0000"},"done":true},"minecraft:recipes/decorations/green_stained_glass_pane_from_glass_pane":{"criteria":{"has_glass_pane":"2024-10-09 17:51:16 +0000"},"done":true},"minecraft:recipes/decorations/pink_stained_glass_pane_from_glass_pane":{"criteria":{"has_glass_pane":"2024-10-09 17:51:16 +0000"},"done":true},"minecraft:recipes/building_blocks/jack_o_lantern":{"criteria":{"has_carved_pumpkin":"2024-10-09 17:17:34 +0000"},"done":true},"minecraft:recipes/decorations/white_stained_glass_pane_from_glass_pane":{"criteria":{"has_glass_pane":"2024-10-09 17:51:16 +0000"},"done":true},"minecraft:recipes/misc/skull_banner_pattern":{"criteria":{"has_wither_skeleton_skull":"2024-10-09 18:07:47 +0000"},"done":true},"minecraft:recipes/redstone/repeater":{"criteria":{"has_redstone_torch":"2024-10-09 17:55:25 +0000"},"done":true},"minecraft:recipes/misc/magenta_dye_from_allium":{"criteria":{"has_allium":"2024-10-09 17:17:21 +0000"},"done":true},"minecraft:recipes/decorations/decorated_pot_simple":{"criteria":{"has_brick":"2024-10-09 17:18:28 +0000"},"done":true},"minecraft:recipes/food/pumpkin_pie":{"criteria":{"has_pumpkin":"2024-10-09 17:13:42 +0000"},"done":true},"minecraft:recipes/building_blocks/dye_purple_bed":{"criteria":{"has_needed_dye":"2024-10-09 17:22:14 +0000"},"done":true},"minecraft:recipes/decorations/gray_stained_glass_pane_from_glass_pane":{"criteria":{"has_glass_pane":"2024-10-09 17:51:16 +0000"},"done":true},"DataVersion":3955}