{"minecraft:recipes/transportation/mangrove_boat":{"criteria":{"in_water":"2024-10-07 10:55:10 +0000"},"done":true},"eroxified2:core/installed_packs":{"criteria":{"requirement":"2024-10-07 10:55:10 +0000"},"done":true},"eroxified2:core/success":{"criteria":{"requirement":"2024-10-07 10:55:10 +0000"},"done":true},"mcpaint:installed":{"criteria":{"requirement":"2024-10-07 10:55:10 +0000"},"done":true},"eroxified2:core/root":{"criteria":{"requirement":"2024-10-07 10:55:10 +0000"},"done":true},"eroxified2:core/links":{"criteria":{"requirement":"2024-10-07 10:55:10 +0000"},"done":true},"eroxified2:item.throwable/stopsound/lingering_potion":{"criteria":{"requirement":"2024-10-07 10:55:10 +0000"},"done":true},"minecraft:recipes/decorations/crafting_table":{"criteria":{"unlock_right_away":"2024-10-07 10:55:10 +0000"},"done":true},"automaticons:progression/root":{"criteria":{"requirement":"2024-10-07 10:55:10 +0000"},"done":true},"minecraft:recipes/transportation/acacia_boat":{"criteria":{"in_water":"2024-10-07 10:55:10 +0000"},"done":true},"minecraft:recipes/transportation/cherry_boat":{"criteria":{"in_water":"2024-10-07 10:55:10 +0000"},"done":true},"minecraft:adventure/adventuring_time":{"criteria":{"minecraft:taiga":"2024-10-07 10:55:11 +0000"},"done":false},"minecraft:recipes/transportation/bamboo_raft":{"criteria":{"in_water":"2024-10-07 10:55:10 +0000"},"done":true},"minecraft:recipes/transportation/spruce_boat":{"criteria":{"in_water":"2024-10-07 10:55:10 +0000"},"done":true},"minecraft:recipes/transportation/birch_boat":{"criteria":{"in_water":"2024-10-07 10:55:10 +0000"},"done":true},"minecraft:recipes/transportation/oak_boat":{"criteria":{"in_water":"2024-10-07 10:55:10 +0000"},"done":true},"minecraft:recipes/transportation/jungle_boat":{"criteria":{"in_water":"2024-10-07 10:55:10 +0000"},"done":true},"eroxified2:core/info":{"criteria":{"requirement":"2024-10-07 10:55:10 +0000"},"done":true},"minecraft:recipes/transportation/dark_oak_boat":{"criteria":{"in_water":"2024-10-07 10:55:10 +0000"},"done":true},"DataVersion":3955}